source,target,relation,relation_type
concept_0,concept_0,described_by,concept_relation
concept_1,concept_1,described_by,concept_relation
concept_2,concept_2,described_by,concept_relation
concept_3,concept_3,described_by,concept_relation
concept_4,concept_4,described_by,concept_relation
concept_5,concept_5,described_by,concept_relation
concept_6,concept_6,described_by,concept_relation
concept_7,concept_7,described_by,concept_relation
concept_8,concept_8,described_by,concept_relation
concept_9,concept_9,described_by,concept_relation
concept_10,concept_10,described_by,concept_relation
concept_11,concept_11,described_by,concept_relation
concept_12,concept_12,described_by,concept_relation
concept_13,concept_13,described_by,concept_relation
concept_14,concept_14,described_by,concept_relation
concept_15,concept_15,described_by,concept_relation
concept_16,concept_16,described_by,concept_relation
concept_17,concept_17,described_by,concept_relation
concept_18,concept_18,described_by,concept_relation
concept_19,concept_19,described_by,concept_relation
concept_20,concept_20,described_by,concept_relation
concept_21,concept_21,described_by,concept_relation
concept_22,concept_22,described_by,concept_relation
concept_23,concept_23,described_by,concept_relation
concept_24,concept_24,described_by,concept_relation
concept_25,concept_25,described_by,concept_relation
concept_26,concept_26,described_by,concept_relation
concept_27,concept_27,described_by,concept_relation
concept_28,concept_28,described_by,concept_relation
concept_29,concept_29,described_by,concept_relation
concept_30,concept_30,described_by,concept_relation
concept_31,concept_31,described_by,concept_relation
concept_32,concept_32,described_by,concept_relation
concept_33,concept_33,described_by,concept_relation
concept_34,concept_34,described_by,concept_relation
concept_35,concept_35,described_by,concept_relation
concept_36,concept_36,described_by,concept_relation
concept_37,concept_37,described_by,concept_relation
concept_38,concept_38,described_by,concept_relation
concept_39,concept_39,described_by,concept_relation
concept_40,concept_40,described_by,concept_relation
concept_41,concept_41,described_by,concept_relation
concept_42,concept_42,described_by,concept_relation
concept_43,concept_43,described_by,concept_relation
concept_44,concept_44,described_by,concept_relation
concept_45,concept_45,described_by,concept_relation
concept_46,concept_46,described_by,concept_relation
concept_47,concept_47,described_by,concept_relation
concept_48,concept_48,described_by,concept_relation
concept_49,concept_49,described_by,concept_relation
concept_50,concept_50,described_by,concept_relation
concept_51,concept_51,described_by,concept_relation
concept_52,concept_52,described_by,concept_relation
concept_53,concept_53,described_by,concept_relation
concept_54,concept_54,described_by,concept_relation
concept_55,concept_55,described_by,concept_relation
concept_56,concept_56,described_by,concept_relation
concept_57,concept_57,described_by,concept_relation
concept_58,concept_58,described_by,concept_relation
concept_59,concept_59,described_by,concept_relation
concept_60,concept_60,described_by,concept_relation
concept_61,concept_61,described_by,concept_relation
concept_62,concept_62,described_by,concept_relation
concept_63,concept_63,described_by,concept_relation
concept_64,concept_64,described_by,concept_relation
concept_65,concept_65,described_by,concept_relation
concept_66,concept_66,described_by,concept_relation
concept_67,concept_67,described_by,concept_relation
concept_68,concept_68,described_by,concept_relation
concept_69,concept_69,described_by,concept_relation
concept_70,concept_70,described_by,concept_relation
concept_71,concept_71,described_by,concept_relation
concept_72,concept_72,described_by,concept_relation
concept_73,concept_73,described_by,concept_relation
concept_74,concept_74,described_by,concept_relation
concept_75,concept_75,described_by,concept_relation
concept_76,concept_76,described_by,concept_relation
concept_77,concept_77,described_by,concept_relation
concept_78,concept_78,described_by,concept_relation
concept_79,concept_79,described_by,concept_relation
concept_80,concept_80,described_by,concept_relation
concept_81,concept_81,described_by,concept_relation
concept_82,concept_82,described_by,concept_relation
concept_83,concept_83,described_by,concept_relation
concept_84,concept_84,described_by,concept_relation
concept_85,concept_85,described_by,concept_relation
concept_86,concept_86,described_by,concept_relation
concept_87,concept_87,described_by,concept_relation
concept_88,concept_88,described_by,concept_relation
concept_89,concept_89,described_by,concept_relation
concept_90,concept_90,described_by,concept_relation
concept_91,concept_91,described_by,concept_relation
concept_92,concept_92,described_by,concept_relation
concept_93,concept_93,described_by,concept_relation
concept_94,concept_94,described_by,concept_relation
concept_95,concept_95,described_by,concept_relation
concept_96,concept_96,described_by,concept_relation
concept_97,concept_97,described_by,concept_relation
concept_98,concept_98,described_by,concept_relation
concept_99,concept_99,described_by,concept_relation
concept_100,concept_100,described_by,concept_relation
concept_101,concept_101,described_by,concept_relation
concept_102,concept_102,described_by,concept_relation
concept_103,concept_103,described_by,concept_relation
concept_104,concept_104,described_by,concept_relation
concept_105,concept_105,described_by,concept_relation
concept_106,concept_106,described_by,concept_relation
concept_107,concept_107,described_by,concept_relation
concept_108,concept_108,described_by,concept_relation
concept_109,concept_109,described_by,concept_relation
concept_110,concept_110,described_by,concept_relation
concept_111,concept_111,described_by,concept_relation
concept_112,concept_112,described_by,concept_relation
concept_113,concept_113,described_by,concept_relation
concept_114,concept_114,described_by,concept_relation
concept_115,concept_115,described_by,concept_relation
concept_116,concept_116,described_by,concept_relation
concept_117,concept_117,described_by,concept_relation
concept_118,concept_118,described_by,concept_relation
concept_119,concept_119,described_by,concept_relation
concept_120,concept_120,described_by,concept_relation
concept_121,concept_121,described_by,concept_relation
concept_122,concept_122,described_by,concept_relation
concept_123,concept_123,described_by,concept_relation
concept_124,concept_124,described_by,concept_relation
concept_125,concept_125,described_by,concept_relation
concept_126,concept_126,described_by,concept_relation
concept_127,concept_127,described_by,concept_relation
concept_128,concept_128,described_by,concept_relation
concept_129,concept_129,described_by,concept_relation
concept_130,concept_130,described_by,concept_relation
concept_131,concept_131,described_by,concept_relation
concept_132,concept_132,described_by,concept_relation
concept_133,concept_133,described_by,concept_relation
concept_134,concept_134,described_by,concept_relation
concept_135,concept_135,described_by,concept_relation
concept_136,concept_136,described_by,concept_relation
concept_137,concept_137,described_by,concept_relation
concept_138,concept_138,described_by,concept_relation
concept_139,concept_139,described_by,concept_relation
concept_140,concept_140,described_by,concept_relation
concept_141,concept_141,described_by,concept_relation
concept_142,concept_142,described_by,concept_relation
concept_143,concept_143,described_by,concept_relation
concept_144,concept_144,described_by,concept_relation
concept_145,concept_145,described_by,concept_relation
concept_146,concept_146,described_by,concept_relation
concept_147,concept_147,described_by,concept_relation
concept_148,concept_148,described_by,concept_relation
concept_149,concept_149,described_by,concept_relation
concept_150,concept_150,described_by,concept_relation
concept_151,concept_151,described_by,concept_relation
concept_152,concept_152,described_by,concept_relation
concept_153,concept_153,described_by,concept_relation
concept_154,concept_154,described_by,concept_relation
concept_155,concept_155,described_by,concept_relation
concept_156,concept_156,described_by,concept_relation
concept_157,concept_157,described_by,concept_relation
concept_158,concept_158,described_by,concept_relation
concept_159,concept_159,described_by,concept_relation
concept_160,concept_160,described_by,concept_relation
concept_161,concept_161,described_by,concept_relation
concept_162,concept_162,described_by,concept_relation
concept_163,concept_163,described_by,concept_relation
concept_164,concept_164,described_by,concept_relation
concept_165,concept_165,described_by,concept_relation
concept_166,concept_166,described_by,concept_relation
concept_167,concept_167,described_by,concept_relation
concept_168,concept_168,described_by,concept_relation
concept_169,concept_169,described_by,concept_relation
concept_170,concept_170,described_by,concept_relation
concept_171,concept_171,described_by,concept_relation
concept_172,concept_172,described_by,concept_relation
concept_173,concept_173,described_by,concept_relation
concept_174,concept_174,described_by,concept_relation
concept_175,concept_175,described_by,concept_relation
concept_176,concept_176,described_by,concept_relation
concept_177,concept_177,described_by,concept_relation
concept_178,concept_178,described_by,concept_relation
concept_179,concept_179,described_by,concept_relation
concept_180,concept_180,described_by,concept_relation
concept_181,concept_181,described_by,concept_relation
concept_182,concept_182,described_by,concept_relation
concept_183,concept_183,described_by,concept_relation
concept_184,concept_184,described_by,concept_relation
concept_185,concept_185,described_by,concept_relation
concept_186,concept_186,described_by,concept_relation
concept_187,concept_187,described_by,concept_relation
concept_188,concept_188,described_by,concept_relation
concept_189,concept_189,described_by,concept_relation
concept_190,concept_190,described_by,concept_relation
concept_191,concept_191,described_by,concept_relation
concept_192,concept_192,described_by,concept_relation
concept_193,concept_193,described_by,concept_relation
concept_194,concept_194,described_by,concept_relation
concept_195,concept_195,described_by,concept_relation
concept_196,concept_196,described_by,concept_relation
concept_197,concept_197,described_by,concept_relation
concept_198,concept_198,described_by,concept_relation
concept_199,concept_199,described_by,concept_relation
concept_200,concept_200,described_by,concept_relation
concept_201,concept_201,described_by,concept_relation
concept_202,concept_202,described_by,concept_relation
concept_203,concept_203,described_by,concept_relation
concept_204,concept_204,described_by,concept_relation
concept_205,concept_205,described_by,concept_relation
concept_206,concept_206,described_by,concept_relation
concept_207,concept_207,described_by,concept_relation
concept_208,concept_208,described_by,concept_relation
concept_209,concept_209,described_by,concept_relation
concept_210,concept_210,described_by,concept_relation
concept_211,concept_211,described_by,concept_relation
concept_212,concept_212,described_by,concept_relation
concept_213,concept_213,described_by,concept_relation
concept_214,concept_214,described_by,concept_relation
concept_215,concept_215,described_by,concept_relation
concept_216,concept_216,described_by,concept_relation
concept_217,concept_217,described_by,concept_relation
concept_218,concept_218,described_by,concept_relation
concept_219,concept_219,described_by,concept_relation
concept_220,concept_220,described_by,concept_relation
concept_221,concept_221,described_by,concept_relation
concept_222,concept_222,described_by,concept_relation
concept_223,concept_223,described_by,concept_relation
concept_224,concept_224,described_by,concept_relation
concept_225,concept_225,described_by,concept_relation
concept_226,concept_226,described_by,concept_relation
concept_227,concept_227,described_by,concept_relation
concept_228,concept_228,described_by,concept_relation
concept_229,concept_229,described_by,concept_relation
concept_230,concept_230,described_by,concept_relation
concept_231,concept_231,described_by,concept_relation
concept_232,concept_232,described_by,concept_relation
concept_233,concept_233,described_by,concept_relation
concept_234,concept_234,described_by,concept_relation
concept_235,concept_235,described_by,concept_relation
concept_236,concept_236,described_by,concept_relation
concept_237,concept_237,described_by,concept_relation
concept_238,concept_238,described_by,concept_relation
concept_239,concept_239,described_by,concept_relation
concept_240,concept_240,described_by,concept_relation
concept_241,concept_241,described_by,concept_relation
concept_242,concept_242,described_by,concept_relation
concept_243,concept_243,described_by,concept_relation
concept_244,concept_244,described_by,concept_relation
concept_245,concept_245,described_by,concept_relation
concept_246,concept_246,described_by,concept_relation
concept_247,concept_247,described_by,concept_relation
concept_248,concept_248,described_by,concept_relation
concept_249,concept_249,described_by,concept_relation
concept_250,concept_250,described_by,concept_relation
concept_251,concept_251,described_by,concept_relation
concept_252,concept_252,described_by,concept_relation
concept_253,concept_253,described_by,concept_relation
concept_254,concept_254,described_by,concept_relation
concept_255,concept_255,described_by,concept_relation
concept_256,concept_256,described_by,concept_relation
concept_257,concept_257,described_by,concept_relation
concept_258,concept_258,described_by,concept_relation
concept_259,concept_259,described_by,concept_relation
concept_260,concept_260,described_by,concept_relation
concept_261,concept_261,described_by,concept_relation
concept_262,concept_262,described_by,concept_relation
concept_263,concept_263,described_by,concept_relation
concept_264,concept_264,described_by,concept_relation
concept_265,concept_265,described_by,concept_relation
concept_266,concept_266,described_by,concept_relation
concept_267,concept_267,described_by,concept_relation
concept_268,concept_268,described_by,concept_relation
concept_269,concept_269,described_by,concept_relation
concept_270,concept_270,described_by,concept_relation
concept_271,concept_271,described_by,concept_relation
concept_272,concept_272,described_by,concept_relation
concept_273,concept_273,described_by,concept_relation
concept_274,concept_274,described_by,concept_relation
concept_275,concept_275,described_by,concept_relation
concept_276,concept_276,described_by,concept_relation
concept_277,concept_277,described_by,concept_relation
concept_278,concept_278,described_by,concept_relation
concept_279,concept_279,described_by,concept_relation
concept_280,concept_280,described_by,concept_relation
concept_281,concept_281,described_by,concept_relation
concept_282,concept_282,described_by,concept_relation
concept_283,concept_283,described_by,concept_relation
concept_284,concept_284,described_by,concept_relation
concept_285,concept_285,described_by,concept_relation
concept_286,concept_286,described_by,concept_relation
concept_287,concept_287,described_by,concept_relation
concept_288,concept_288,described_by,concept_relation
concept_289,concept_289,described_by,concept_relation
concept_290,concept_290,described_by,concept_relation
concept_291,concept_291,described_by,concept_relation
concept_292,concept_292,described_by,concept_relation
concept_293,concept_293,described_by,concept_relation
concept_294,concept_294,described_by,concept_relation
concept_295,concept_295,described_by,concept_relation
concept_296,concept_296,described_by,concept_relation
concept_297,concept_297,described_by,concept_relation
concept_298,concept_298,described_by,concept_relation
concept_299,concept_299,described_by,concept_relation
concept_300,concept_300,described_by,concept_relation
concept_301,concept_301,described_by,concept_relation
concept_302,concept_302,described_by,concept_relation
concept_303,concept_303,described_by,concept_relation
concept_304,concept_304,described_by,concept_relation
concept_305,concept_305,described_by,concept_relation
concept_306,concept_306,described_by,concept_relation
concept_307,concept_307,described_by,concept_relation
concept_308,concept_308,described_by,concept_relation
concept_309,concept_309,described_by,concept_relation
concept_310,concept_310,described_by,concept_relation
concept_311,concept_311,described_by,concept_relation
concept_312,concept_312,described_by,concept_relation
concept_313,concept_313,described_by,concept_relation
concept_314,concept_314,described_by,concept_relation
concept_315,concept_315,described_by,concept_relation
concept_316,concept_316,described_by,concept_relation
concept_317,concept_317,described_by,concept_relation
concept_318,concept_318,described_by,concept_relation
concept_319,concept_319,described_by,concept_relation
concept_320,concept_320,described_by,concept_relation
concept_321,concept_321,described_by,concept_relation
concept_322,concept_322,described_by,concept_relation
concept_323,concept_323,described_by,concept_relation
concept_324,concept_324,described_by,concept_relation
concept_325,concept_325,described_by,concept_relation
concept_326,concept_326,described_by,concept_relation
concept_327,concept_327,described_by,concept_relation
concept_328,concept_328,described_by,concept_relation
concept_329,concept_329,described_by,concept_relation
concept_330,concept_330,described_by,concept_relation
concept_331,concept_331,described_by,concept_relation
concept_332,concept_332,described_by,concept_relation
concept_333,concept_333,described_by,concept_relation
concept_334,concept_334,described_by,concept_relation
concept_335,concept_335,described_by,concept_relation
concept_336,concept_336,described_by,concept_relation
concept_337,concept_337,described_by,concept_relation
concept_338,concept_338,described_by,concept_relation
concept_339,concept_339,described_by,concept_relation
concept_340,concept_340,described_by,concept_relation
concept_341,concept_341,described_by,concept_relation
concept_342,concept_342,described_by,concept_relation
concept_343,concept_343,described_by,concept_relation
concept_344,concept_344,described_by,concept_relation
concept_345,concept_345,described_by,concept_relation
concept_346,concept_346,described_by,concept_relation
concept_347,concept_347,described_by,concept_relation
concept_348,concept_348,described_by,concept_relation
concept_349,concept_349,described_by,concept_relation
concept_350,concept_350,described_by,concept_relation
concept_351,concept_351,described_by,concept_relation
concept_352,concept_352,described_by,concept_relation
concept_353,concept_353,described_by,concept_relation
concept_354,concept_354,described_by,concept_relation
concept_355,concept_355,described_by,concept_relation
concept_356,concept_356,described_by,concept_relation
concept_357,concept_357,described_by,concept_relation
concept_358,concept_358,described_by,concept_relation
concept_359,concept_359,described_by,concept_relation
concept_360,concept_360,described_by,concept_relation
concept_361,concept_361,described_by,concept_relation
concept_362,concept_362,described_by,concept_relation
concept_363,concept_363,described_by,concept_relation
concept_364,concept_364,described_by,concept_relation
concept_365,concept_365,described_by,concept_relation
concept_366,concept_366,described_by,concept_relation
concept_367,concept_367,described_by,concept_relation
concept_368,concept_368,described_by,concept_relation
concept_369,concept_369,described_by,concept_relation
concept_370,concept_370,described_by,concept_relation
concept_371,concept_371,described_by,concept_relation
concept_372,concept_372,described_by,concept_relation
concept_373,concept_373,described_by,concept_relation
concept_374,concept_374,described_by,concept_relation
concept_375,concept_375,described_by,concept_relation
concept_376,concept_376,described_by,concept_relation
concept_377,concept_377,described_by,concept_relation
concept_378,concept_378,described_by,concept_relation
concept_379,concept_379,described_by,concept_relation
concept_380,concept_380,described_by,concept_relation
concept_381,concept_381,described_by,concept_relation
concept_382,concept_382,described_by,concept_relation
concept_383,concept_383,described_by,concept_relation
concept_384,concept_384,described_by,concept_relation
concept_385,concept_385,described_by,concept_relation
concept_386,concept_386,described_by,concept_relation
concept_387,concept_387,described_by,concept_relation
concept_388,concept_388,described_by,concept_relation
concept_389,concept_389,described_by,concept_relation
concept_390,concept_390,described_by,concept_relation
concept_391,concept_391,described_by,concept_relation
concept_392,concept_392,described_by,concept_relation
concept_393,concept_393,described_by,concept_relation
concept_394,concept_394,described_by,concept_relation
concept_395,concept_395,described_by,concept_relation
concept_396,concept_396,described_by,concept_relation
concept_397,concept_397,described_by,concept_relation
concept_398,concept_398,described_by,concept_relation
concept_399,concept_399,described_by,concept_relation
concept_400,concept_400,described_by,concept_relation
concept_401,concept_401,described_by,concept_relation
concept_402,concept_402,described_by,concept_relation
concept_403,concept_403,described_by,concept_relation
concept_404,concept_404,described_by,concept_relation
concept_405,concept_405,described_by,concept_relation
concept_406,concept_406,described_by,concept_relation
concept_407,concept_407,described_by,concept_relation
concept_408,concept_408,described_by,concept_relation
concept_409,concept_409,described_by,concept_relation
concept_410,concept_410,described_by,concept_relation
concept_411,concept_411,described_by,concept_relation
concept_412,concept_412,described_by,concept_relation
concept_413,concept_413,described_by,concept_relation
concept_414,concept_414,described_by,concept_relation
concept_415,concept_415,described_by,concept_relation
concept_416,concept_416,described_by,concept_relation
concept_417,concept_417,described_by,concept_relation
concept_418,concept_418,described_by,concept_relation
concept_419,concept_419,described_by,concept_relation
concept_420,concept_420,described_by,concept_relation
concept_421,concept_421,described_by,concept_relation
concept_422,concept_422,described_by,concept_relation
concept_423,concept_423,described_by,concept_relation
concept_424,concept_424,described_by,concept_relation
concept_425,concept_425,described_by,concept_relation
concept_426,concept_426,described_by,concept_relation
concept_427,concept_427,described_by,concept_relation
concept_428,concept_428,described_by,concept_relation
concept_429,concept_429,described_by,concept_relation
concept_430,concept_430,described_by,concept_relation
concept_431,concept_431,described_by,concept_relation
concept_432,concept_432,described_by,concept_relation
concept_433,concept_433,described_by,concept_relation
concept_434,concept_434,described_by,concept_relation
concept_435,concept_435,described_by,concept_relation
concept_436,concept_436,described_by,concept_relation
concept_437,concept_437,described_by,concept_relation
concept_438,concept_438,described_by,concept_relation
concept_439,concept_439,described_by,concept_relation
concept_440,concept_440,described_by,concept_relation
concept_441,concept_441,described_by,concept_relation
concept_442,concept_442,described_by,concept_relation
concept_443,concept_443,described_by,concept_relation
concept_444,concept_444,described_by,concept_relation
concept_445,concept_445,described_by,concept_relation
concept_446,concept_446,described_by,concept_relation
concept_447,concept_447,described_by,concept_relation
concept_448,concept_448,described_by,concept_relation
concept_449,concept_449,described_by,concept_relation
concept_450,concept_450,described_by,concept_relation
concept_451,concept_451,described_by,concept_relation
concept_452,concept_452,described_by,concept_relation
concept_453,concept_453,described_by,concept_relation
concept_454,concept_454,described_by,concept_relation
concept_455,concept_455,described_by,concept_relation
concept_456,concept_456,described_by,concept_relation
concept_457,concept_457,described_by,concept_relation
concept_458,concept_458,described_by,concept_relation
concept_459,concept_459,described_by,concept_relation
concept_460,concept_460,described_by,concept_relation
concept_461,concept_461,described_by,concept_relation
concept_462,concept_462,described_by,concept_relation
concept_463,concept_463,described_by,concept_relation
concept_464,concept_464,described_by,concept_relation
concept_465,concept_465,described_by,concept_relation
concept_466,concept_466,described_by,concept_relation
concept_467,concept_467,described_by,concept_relation
concept_468,concept_468,described_by,concept_relation
concept_469,concept_469,described_by,concept_relation
concept_470,concept_470,described_by,concept_relation
concept_471,concept_471,described_by,concept_relation
concept_472,concept_472,described_by,concept_relation
concept_473,concept_473,described_by,concept_relation
concept_474,concept_474,described_by,concept_relation
concept_475,concept_475,described_by,concept_relation
concept_476,concept_476,described_by,concept_relation
concept_477,concept_477,described_by,concept_relation
concept_478,concept_478,described_by,concept_relation
concept_479,concept_479,described_by,concept_relation
concept_480,concept_480,described_by,concept_relation
concept_481,concept_481,described_by,concept_relation
concept_482,concept_482,described_by,concept_relation
concept_483,concept_483,described_by,concept_relation
concept_484,concept_484,described_by,concept_relation
concept_485,concept_485,described_by,concept_relation
concept_486,concept_486,described_by,concept_relation
concept_487,concept_487,described_by,concept_relation
concept_488,concept_488,described_by,concept_relation
concept_489,concept_489,described_by,concept_relation
concept_490,concept_490,described_by,concept_relation
concept_491,concept_491,described_by,concept_relation
concept_492,concept_492,described_by,concept_relation
concept_493,concept_493,described_by,concept_relation
concept_494,concept_494,described_by,concept_relation
concept_495,concept_495,described_by,concept_relation
concept_496,concept_496,described_by,concept_relation
concept_497,concept_497,described_by,concept_relation
concept_498,concept_498,described_by,concept_relation
concept_499,concept_499,described_by,concept_relation
concept_500,concept_500,described_by,concept_relation
concept_501,concept_501,described_by,concept_relation
concept_502,concept_502,described_by,concept_relation
concept_503,concept_503,described_by,concept_relation
concept_504,concept_504,described_by,concept_relation
concept_505,concept_505,described_by,concept_relation
concept_506,concept_506,described_by,concept_relation
concept_507,concept_507,described_by,concept_relation
concept_508,concept_508,described_by,concept_relation
concept_509,concept_509,described_by,concept_relation
concept_510,concept_510,described_by,concept_relation
concept_511,concept_511,described_by,concept_relation
concept_512,concept_512,described_by,concept_relation
concept_513,concept_513,described_by,concept_relation
concept_514,concept_514,described_by,concept_relation
concept_515,concept_515,described_by,concept_relation
concept_516,concept_516,described_by,concept_relation
concept_517,concept_517,described_by,concept_relation
concept_518,concept_518,described_by,concept_relation
concept_519,concept_519,described_by,concept_relation
concept_520,concept_520,described_by,concept_relation
concept_521,concept_521,described_by,concept_relation
concept_522,concept_522,described_by,concept_relation
concept_523,concept_523,described_by,concept_relation
concept_524,concept_524,described_by,concept_relation
concept_525,concept_525,described_by,concept_relation
concept_526,concept_526,described_by,concept_relation
concept_527,concept_527,described_by,concept_relation
concept_528,concept_528,described_by,concept_relation
concept_529,concept_529,described_by,concept_relation
concept_530,concept_530,described_by,concept_relation
concept_531,concept_531,described_by,concept_relation
concept_532,concept_532,described_by,concept_relation
concept_533,concept_533,described_by,concept_relation
concept_534,concept_534,described_by,concept_relation
concept_535,concept_535,described_by,concept_relation
concept_536,concept_536,described_by,concept_relation
concept_537,concept_537,described_by,concept_relation
concept_538,concept_538,described_by,concept_relation
concept_539,concept_539,described_by,concept_relation
concept_540,concept_540,described_by,concept_relation
concept_541,concept_541,described_by,concept_relation
concept_542,concept_542,described_by,concept_relation
concept_543,concept_543,described_by,concept_relation
concept_544,concept_544,described_by,concept_relation
concept_545,concept_545,described_by,concept_relation
concept_546,concept_546,described_by,concept_relation
concept_547,concept_547,described_by,concept_relation
concept_548,concept_548,described_by,concept_relation
concept_549,concept_549,described_by,concept_relation
concept_550,concept_550,described_by,concept_relation
concept_551,concept_551,described_by,concept_relation
concept_552,concept_552,described_by,concept_relation
concept_553,concept_553,described_by,concept_relation
concept_554,concept_554,described_by,concept_relation
concept_555,concept_555,described_by,concept_relation
concept_556,concept_556,described_by,concept_relation
concept_557,concept_557,described_by,concept_relation
concept_558,concept_558,described_by,concept_relation
concept_559,concept_559,described_by,concept_relation
concept_560,concept_560,described_by,concept_relation
concept_561,concept_561,described_by,concept_relation
concept_562,concept_562,described_by,concept_relation
concept_563,concept_563,described_by,concept_relation
concept_564,concept_564,described_by,concept_relation
concept_565,concept_565,described_by,concept_relation
concept_566,concept_566,described_by,concept_relation
concept_567,concept_567,described_by,concept_relation
concept_568,concept_568,described_by,concept_relation
concept_569,concept_569,described_by,concept_relation
concept_570,concept_570,described_by,concept_relation
concept_571,concept_571,described_by,concept_relation
concept_572,concept_572,described_by,concept_relation
concept_573,concept_573,described_by,concept_relation
concept_574,concept_574,described_by,concept_relation
concept_575,concept_575,described_by,concept_relation
concept_576,concept_576,described_by,concept_relation
concept_577,concept_577,described_by,concept_relation
concept_578,concept_578,described_by,concept_relation
concept_579,concept_579,described_by,concept_relation
concept_580,concept_580,described_by,concept_relation
concept_581,concept_581,described_by,concept_relation
concept_582,concept_582,described_by,concept_relation
concept_583,concept_583,described_by,concept_relation
concept_584,concept_584,described_by,concept_relation
concept_585,concept_585,described_by,concept_relation
concept_586,concept_586,described_by,concept_relation
concept_587,concept_587,described_by,concept_relation
concept_588,concept_588,described_by,concept_relation
concept_589,concept_589,described_by,concept_relation
concept_590,concept_590,described_by,concept_relation
concept_591,concept_591,described_by,concept_relation
concept_592,concept_592,described_by,concept_relation
concept_593,concept_593,described_by,concept_relation
concept_594,concept_594,described_by,concept_relation
concept_595,concept_595,described_by,concept_relation
concept_596,concept_596,described_by,concept_relation
concept_597,concept_597,described_by,concept_relation
concept_598,concept_598,described_by,concept_relation
concept_599,concept_599,described_by,concept_relation
concept_600,concept_600,described_by,concept_relation
concept_601,concept_601,described_by,concept_relation
concept_602,concept_602,described_by,concept_relation
concept_603,concept_603,described_by,concept_relation
concept_604,concept_604,described_by,concept_relation
concept_605,concept_605,described_by,concept_relation
concept_606,concept_606,described_by,concept_relation
concept_607,concept_607,described_by,concept_relation
concept_608,concept_608,described_by,concept_relation
concept_609,concept_609,described_by,concept_relation
concept_610,concept_610,described_by,concept_relation
concept_611,concept_611,described_by,concept_relation
concept_612,concept_612,described_by,concept_relation
concept_613,concept_613,described_by,concept_relation
concept_614,concept_614,described_by,concept_relation
concept_615,concept_615,described_by,concept_relation
concept_616,concept_616,described_by,concept_relation
concept_617,concept_617,described_by,concept_relation
concept_618,concept_618,described_by,concept_relation
concept_619,concept_619,described_by,concept_relation
concept_620,concept_620,described_by,concept_relation
concept_621,concept_621,described_by,concept_relation
concept_622,concept_622,described_by,concept_relation
concept_623,concept_623,described_by,concept_relation
concept_624,concept_624,described_by,concept_relation
concept_625,concept_625,described_by,concept_relation
concept_626,concept_626,described_by,concept_relation
concept_627,concept_627,described_by,concept_relation
concept_628,concept_628,described_by,concept_relation
concept_629,concept_629,described_by,concept_relation
concept_630,concept_630,described_by,concept_relation
concept_631,concept_631,described_by,concept_relation
concept_632,concept_632,described_by,concept_relation
concept_633,concept_633,described_by,concept_relation
concept_634,concept_634,described_by,concept_relation
concept_635,concept_635,described_by,concept_relation
concept_636,concept_636,described_by,concept_relation
concept_637,concept_637,described_by,concept_relation
concept_638,concept_638,described_by,concept_relation
concept_639,concept_639,described_by,concept_relation
concept_640,concept_640,described_by,concept_relation
concept_641,concept_641,described_by,concept_relation
concept_642,concept_642,described_by,concept_relation
concept_643,concept_643,described_by,concept_relation
concept_644,concept_644,described_by,concept_relation
concept_645,concept_645,described_by,concept_relation
concept_646,concept_646,described_by,concept_relation
concept_647,concept_647,described_by,concept_relation
concept_648,concept_648,described_by,concept_relation
concept_649,concept_649,described_by,concept_relation
concept_650,concept_650,described_by,concept_relation
concept_651,concept_651,described_by,concept_relation
concept_652,concept_652,described_by,concept_relation
concept_653,concept_653,described_by,concept_relation
concept_654,concept_654,described_by,concept_relation
concept_655,concept_655,described_by,concept_relation
concept_656,concept_656,described_by,concept_relation
concept_657,concept_657,described_by,concept_relation
concept_658,concept_658,described_by,concept_relation
concept_659,concept_659,described_by,concept_relation
concept_660,concept_660,described_by,concept_relation
concept_661,concept_661,described_by,concept_relation
concept_662,concept_662,described_by,concept_relation
concept_663,concept_663,described_by,concept_relation
concept_664,concept_664,described_by,concept_relation
concept_665,concept_665,described_by,concept_relation
concept_666,concept_666,described_by,concept_relation
concept_667,concept_667,described_by,concept_relation
concept_668,concept_668,described_by,concept_relation
concept_669,concept_669,described_by,concept_relation
concept_670,concept_670,described_by,concept_relation
concept_671,concept_671,described_by,concept_relation
concept_672,concept_672,described_by,concept_relation
concept_673,concept_673,described_by,concept_relation
concept_674,concept_674,described_by,concept_relation
concept_675,concept_675,described_by,concept_relation
concept_676,concept_676,described_by,concept_relation
concept_677,concept_677,described_by,concept_relation
concept_678,concept_678,described_by,concept_relation
concept_679,concept_679,described_by,concept_relation
concept_680,concept_680,described_by,concept_relation
concept_681,concept_681,described_by,concept_relation
concept_682,concept_682,described_by,concept_relation
concept_683,concept_683,described_by,concept_relation
concept_684,concept_684,described_by,concept_relation
concept_685,concept_685,described_by,concept_relation
concept_686,concept_686,described_by,concept_relation
concept_687,concept_687,described_by,concept_relation
concept_688,concept_688,described_by,concept_relation
concept_689,concept_689,described_by,concept_relation
concept_690,concept_690,described_by,concept_relation
concept_691,concept_691,described_by,concept_relation
concept_692,concept_692,described_by,concept_relation
concept_693,concept_693,described_by,concept_relation
concept_694,concept_694,described_by,concept_relation
concept_695,concept_695,described_by,concept_relation
concept_696,concept_696,described_by,concept_relation
concept_697,concept_697,described_by,concept_relation
concept_698,concept_698,described_by,concept_relation
concept_699,concept_699,described_by,concept_relation
concept_700,concept_700,described_by,concept_relation
concept_701,concept_701,described_by,concept_relation
concept_702,concept_702,described_by,concept_relation
concept_703,concept_703,described_by,concept_relation
concept_704,concept_704,described_by,concept_relation
concept_705,concept_705,described_by,concept_relation
concept_706,concept_706,described_by,concept_relation
concept_707,concept_707,described_by,concept_relation
concept_708,concept_708,described_by,concept_relation
concept_709,concept_709,described_by,concept_relation
concept_710,concept_710,described_by,concept_relation
concept_711,concept_711,described_by,concept_relation
concept_712,concept_712,described_by,concept_relation
concept_713,concept_713,described_by,concept_relation
concept_714,concept_714,described_by,concept_relation
concept_715,concept_715,described_by,concept_relation
concept_716,concept_716,described_by,concept_relation
concept_717,concept_717,described_by,concept_relation
concept_718,concept_718,described_by,concept_relation
concept_719,concept_719,described_by,concept_relation
concept_720,concept_720,described_by,concept_relation
concept_721,concept_721,described_by,concept_relation
concept_722,concept_722,described_by,concept_relation
concept_723,concept_723,described_by,concept_relation
concept_724,concept_724,described_by,concept_relation
concept_725,concept_725,described_by,concept_relation
concept_726,concept_726,described_by,concept_relation
concept_727,concept_727,described_by,concept_relation
concept_728,concept_728,described_by,concept_relation
concept_729,concept_729,described_by,concept_relation
concept_730,concept_730,described_by,concept_relation
concept_731,concept_731,described_by,concept_relation
concept_732,concept_732,described_by,concept_relation
concept_733,concept_733,described_by,concept_relation
concept_734,concept_734,described_by,concept_relation
concept_735,concept_735,described_by,concept_relation
concept_736,concept_736,described_by,concept_relation
concept_737,concept_737,described_by,concept_relation
concept_738,concept_738,described_by,concept_relation
concept_739,concept_739,described_by,concept_relation
concept_740,concept_740,described_by,concept_relation
concept_741,concept_741,described_by,concept_relation
concept_742,concept_742,described_by,concept_relation
concept_743,concept_743,described_by,concept_relation
concept_744,concept_744,described_by,concept_relation
concept_745,concept_745,described_by,concept_relation
concept_746,concept_746,described_by,concept_relation
concept_747,concept_747,described_by,concept_relation
concept_748,concept_748,described_by,concept_relation
concept_749,concept_749,described_by,concept_relation
concept_750,concept_750,described_by,concept_relation
concept_751,concept_751,described_by,concept_relation
concept_752,concept_752,described_by,concept_relation
concept_753,concept_753,described_by,concept_relation
concept_754,concept_754,described_by,concept_relation
concept_755,concept_755,described_by,concept_relation
concept_756,concept_756,described_by,concept_relation
concept_757,concept_757,described_by,concept_relation
concept_758,concept_758,described_by,concept_relation
concept_759,concept_759,described_by,concept_relation
concept_760,concept_760,described_by,concept_relation
concept_761,concept_761,described_by,concept_relation
concept_762,concept_762,described_by,concept_relation
concept_763,concept_763,described_by,concept_relation
concept_764,concept_764,described_by,concept_relation
concept_765,concept_765,described_by,concept_relation
concept_766,concept_766,described_by,concept_relation
concept_767,concept_767,described_by,concept_relation
concept_768,concept_768,described_by,concept_relation
concept_769,concept_769,described_by,concept_relation
concept_770,concept_770,described_by,concept_relation
concept_771,concept_771,described_by,concept_relation
concept_772,concept_772,described_by,concept_relation
concept_773,concept_773,described_by,concept_relation
concept_774,concept_774,described_by,concept_relation
concept_775,concept_775,described_by,concept_relation
concept_776,concept_776,described_by,concept_relation
concept_777,concept_777,described_by,concept_relation
concept_778,concept_778,described_by,concept_relation
concept_779,concept_779,described_by,concept_relation
concept_780,concept_780,described_by,concept_relation
concept_781,concept_781,described_by,concept_relation
concept_782,concept_782,described_by,concept_relation
concept_783,concept_783,described_by,concept_relation
concept_784,concept_784,described_by,concept_relation
concept_785,concept_785,described_by,concept_relation
concept_786,concept_786,described_by,concept_relation
concept_787,concept_787,described_by,concept_relation
concept_788,concept_788,described_by,concept_relation
concept_789,concept_789,described_by,concept_relation
concept_790,concept_790,described_by,concept_relation
concept_791,concept_791,described_by,concept_relation
concept_792,concept_792,described_by,concept_relation
concept_793,concept_793,described_by,concept_relation
concept_794,concept_794,described_by,concept_relation
concept_795,concept_795,described_by,concept_relation
concept_796,concept_796,described_by,concept_relation
concept_797,concept_797,described_by,concept_relation
concept_798,concept_798,described_by,concept_relation
concept_799,concept_799,described_by,concept_relation
concept_800,concept_800,described_by,concept_relation
concept_801,concept_801,described_by,concept_relation
concept_802,concept_802,described_by,concept_relation
concept_803,concept_803,described_by,concept_relation
concept_804,concept_804,described_by,concept_relation
concept_805,concept_805,described_by,concept_relation
concept_806,concept_806,described_by,concept_relation
concept_807,concept_807,described_by,concept_relation
concept_808,concept_808,described_by,concept_relation
concept_809,concept_809,described_by,concept_relation
concept_810,concept_810,described_by,concept_relation
concept_811,concept_811,described_by,concept_relation
concept_812,concept_812,described_by,concept_relation
concept_813,concept_813,described_by,concept_relation
concept_814,concept_814,described_by,concept_relation
concept_815,concept_815,described_by,concept_relation
concept_816,concept_816,described_by,concept_relation
concept_817,concept_817,described_by,concept_relation
concept_818,concept_818,described_by,concept_relation
concept_819,concept_819,described_by,concept_relation
concept_820,concept_820,described_by,concept_relation
concept_821,concept_821,described_by,concept_relation
concept_822,concept_822,described_by,concept_relation
concept_823,concept_823,described_by,concept_relation
concept_824,concept_824,described_by,concept_relation
concept_825,concept_825,described_by,concept_relation
concept_826,concept_826,described_by,concept_relation
concept_827,concept_827,described_by,concept_relation
concept_828,concept_828,described_by,concept_relation
concept_829,concept_829,described_by,concept_relation
concept_830,concept_830,described_by,concept_relation
concept_831,concept_831,described_by,concept_relation
concept_832,concept_832,described_by,concept_relation
concept_833,concept_833,described_by,concept_relation
concept_834,concept_834,described_by,concept_relation
concept_835,concept_835,described_by,concept_relation
concept_836,concept_836,described_by,concept_relation
concept_837,concept_837,described_by,concept_relation
concept_838,concept_838,described_by,concept_relation
concept_839,concept_839,described_by,concept_relation
concept_840,concept_840,described_by,concept_relation
concept_841,concept_841,described_by,concept_relation
concept_842,concept_842,described_by,concept_relation
concept_843,concept_843,described_by,concept_relation
concept_844,concept_844,described_by,concept_relation
concept_845,concept_845,described_by,concept_relation
concept_846,concept_846,described_by,concept_relation
concept_847,concept_847,described_by,concept_relation
concept_848,concept_848,described_by,concept_relation
concept_849,concept_849,described_by,concept_relation
concept_850,concept_850,described_by,concept_relation
concept_851,concept_851,described_by,concept_relation
concept_852,concept_852,described_by,concept_relation
concept_853,concept_853,described_by,concept_relation
concept_854,concept_854,described_by,concept_relation
concept_855,concept_855,described_by,concept_relation
concept_856,concept_856,described_by,concept_relation
concept_857,concept_857,described_by,concept_relation
concept_858,concept_858,described_by,concept_relation
concept_859,concept_859,described_by,concept_relation
concept_860,concept_860,described_by,concept_relation
concept_861,concept_861,described_by,concept_relation
concept_862,concept_862,described_by,concept_relation
concept_863,concept_863,described_by,concept_relation
concept_864,concept_864,described_by,concept_relation
concept_865,concept_865,described_by,concept_relation
concept_866,concept_866,described_by,concept_relation
concept_867,concept_867,described_by,concept_relation
concept_868,concept_868,described_by,concept_relation
concept_869,concept_869,described_by,concept_relation
concept_870,concept_870,described_by,concept_relation
concept_871,concept_871,described_by,concept_relation
concept_872,concept_872,described_by,concept_relation
concept_873,concept_873,described_by,concept_relation
concept_874,concept_874,described_by,concept_relation
concept_875,concept_875,described_by,concept_relation
concept_876,concept_876,described_by,concept_relation
concept_877,concept_877,described_by,concept_relation
concept_878,concept_878,described_by,concept_relation
concept_879,concept_879,described_by,concept_relation
concept_880,concept_880,described_by,concept_relation
concept_881,concept_881,described_by,concept_relation
concept_882,concept_882,described_by,concept_relation
concept_883,concept_883,described_by,concept_relation
concept_884,concept_884,described_by,concept_relation
concept_885,concept_885,described_by,concept_relation
concept_886,concept_886,described_by,concept_relation
concept_887,concept_887,described_by,concept_relation
concept_888,concept_888,described_by,concept_relation
concept_889,concept_889,described_by,concept_relation
concept_890,concept_890,described_by,concept_relation
concept_891,concept_891,described_by,concept_relation
concept_892,concept_892,described_by,concept_relation
concept_893,concept_893,described_by,concept_relation
concept_894,concept_894,described_by,concept_relation
concept_895,concept_895,described_by,concept_relation
concept_896,concept_896,described_by,concept_relation
concept_897,concept_897,described_by,concept_relation
concept_898,concept_898,described_by,concept_relation
concept_899,concept_899,described_by,concept_relation
concept_900,concept_900,described_by,concept_relation
concept_901,concept_901,described_by,concept_relation
concept_902,concept_902,described_by,concept_relation
concept_903,concept_903,described_by,concept_relation
concept_904,concept_904,described_by,concept_relation
concept_905,concept_905,described_by,concept_relation
concept_906,concept_906,described_by,concept_relation
concept_907,concept_907,described_by,concept_relation
concept_908,concept_908,described_by,concept_relation
concept_909,concept_909,described_by,concept_relation
concept_910,concept_910,described_by,concept_relation
concept_911,concept_911,described_by,concept_relation
concept_912,concept_912,described_by,concept_relation
concept_913,concept_913,described_by,concept_relation
concept_914,concept_914,described_by,concept_relation
concept_915,concept_915,described_by,concept_relation
concept_916,concept_916,described_by,concept_relation
concept_917,concept_917,described_by,concept_relation
concept_918,concept_918,described_by,concept_relation
concept_919,concept_919,described_by,concept_relation
concept_920,concept_920,described_by,concept_relation
concept_921,concept_921,described_by,concept_relation
concept_922,concept_922,described_by,concept_relation
concept_923,concept_923,described_by,concept_relation
concept_924,concept_924,described_by,concept_relation
concept_925,concept_925,described_by,concept_relation
concept_926,concept_926,described_by,concept_relation
concept_927,concept_927,described_by,concept_relation
concept_928,concept_928,described_by,concept_relation
concept_929,concept_929,described_by,concept_relation
concept_930,concept_930,described_by,concept_relation
concept_931,concept_931,described_by,concept_relation
concept_932,concept_932,described_by,concept_relation
concept_933,concept_933,described_by,concept_relation
concept_934,concept_934,described_by,concept_relation
concept_935,concept_935,described_by,concept_relation
concept_936,concept_936,described_by,concept_relation
concept_937,concept_937,described_by,concept_relation
concept_938,concept_938,described_by,concept_relation
concept_939,concept_939,described_by,concept_relation
concept_940,concept_940,described_by,concept_relation
concept_941,concept_941,described_by,concept_relation
concept_942,concept_942,described_by,concept_relation
concept_943,concept_943,described_by,concept_relation
concept_944,concept_944,described_by,concept_relation
concept_945,concept_945,described_by,concept_relation
concept_946,concept_946,described_by,concept_relation
concept_947,concept_947,described_by,concept_relation
concept_948,concept_948,described_by,concept_relation
concept_949,concept_949,described_by,concept_relation
concept_950,concept_950,described_by,concept_relation
concept_951,concept_951,described_by,concept_relation
concept_952,concept_952,described_by,concept_relation
concept_953,concept_953,described_by,concept_relation
concept_954,concept_954,described_by,concept_relation
concept_955,concept_955,described_by,concept_relation
concept_956,concept_956,described_by,concept_relation
concept_957,concept_957,described_by,concept_relation
concept_958,concept_958,described_by,concept_relation
concept_959,concept_959,described_by,concept_relation
concept_960,concept_960,described_by,concept_relation
concept_961,concept_961,described_by,concept_relation
concept_962,concept_962,described_by,concept_relation
concept_963,concept_963,described_by,concept_relation
concept_964,concept_964,described_by,concept_relation
concept_965,concept_965,described_by,concept_relation
concept_966,concept_966,described_by,concept_relation
concept_967,concept_967,described_by,concept_relation
concept_968,concept_968,described_by,concept_relation
concept_969,concept_969,described_by,concept_relation
concept_970,concept_970,described_by,concept_relation
concept_971,concept_971,described_by,concept_relation
concept_972,concept_972,described_by,concept_relation
concept_973,concept_973,described_by,concept_relation
concept_974,concept_974,described_by,concept_relation
concept_975,concept_975,described_by,concept_relation
concept_976,concept_976,described_by,concept_relation
concept_977,concept_977,described_by,concept_relation
concept_978,concept_978,described_by,concept_relation
concept_979,concept_979,described_by,concept_relation
concept_980,concept_980,described_by,concept_relation
concept_981,concept_981,described_by,concept_relation
concept_982,concept_982,described_by,concept_relation
concept_983,concept_983,described_by,concept_relation
concept_984,concept_984,described_by,concept_relation
concept_985,concept_985,described_by,concept_relation
concept_986,concept_986,described_by,concept_relation
concept_987,concept_987,described_by,concept_relation
concept_988,concept_988,described_by,concept_relation
concept_989,concept_989,described_by,concept_relation
concept_990,concept_990,described_by,concept_relation
concept_991,concept_991,described_by,concept_relation
concept_992,concept_992,described_by,concept_relation
concept_993,concept_993,described_by,concept_relation
concept_994,concept_994,described_by,concept_relation
concept_995,concept_995,described_by,concept_relation
concept_996,concept_996,described_by,concept_relation
concept_997,concept_997,described_by,concept_relation
concept_998,concept_998,described_by,concept_relation
concept_999,concept_999,described_by,concept_relation
