node,conceptualized_node,node_type
Agent Alex Mercer scanned the projectors outlining their impending odyssey into Operation: Dulce.,"exploration, odyssey, operation, scanning, investigation",event
Taylor Cruz asked Agent Mercer if he was having second thoughts.,"inquiry, questioning, doubt, uncertainty",event
The group began to collect their binders and prepare for departure.,"departure, preparation, packing, leaving, farewell",event
Alex agreed to follow protocols.,"compliance, agreement, protocol, obedience",event
"‘I agree, Agent Cruz. Protocol is paramount,’ he said, meeting Taylor's steely gaze.","meeting, agreement, protocol, authority",event
Jordan Hayes offered a supportive nod to Alex.,"encouragement, support, nod, approval",event
"Taylor snorted dismissively. ‘Focus, people. We have protocols for a reason. Speculation is counter-productive.’","reprimand, warning, discipline, protocol, caution",event
Taylor Cruz told the group to focus and follow protocols.,"direction, leadership, guidance, order, discipline",event
"It was Taylor Cruz’s voice, laced with an edge that demanded attention.","command, authority, dominance, voice, presence",event
"Jordan Hayes, perched on the opposite side of the table, narrowed their eyes but offered a supportive nod.","confrontation, tension, support, standoff, negotiation",event
"With dulled eyes, he scanned the projectors outlining their impending odyssey into Operation: Dulce.","mystery, odyssey, operation, invasion, exploration",event
"As everyone began to collect their binders and prepare for departure, a quiet resolve took form within Alex, galvanized by the groundwork laid by their interactions.","resolve, resolve, bonding, growth, connection",event
Jordan Hayes showed understanding of Alex's struggle.,"empathy, support, compassion, understanding, kindness",event
"Agent Alex Mercer, unfailingly determined on paper, seemed dwarfed by the enormity of the sterile briefing room where Paranormal Military Squad's elite convened.","meeting, briefing, elite, squad, briefing, military, operation",event
"‘Details are imperative. We’ll need your clear-headedness down there, Mercer.’","mission, briefing, task, assignment, duty",event
They knew well enough the struggle of aligning personal convictions with overarching missions.,"conflict, compromise, morality, duty, loyalty",event
"Alex's submission, though seemingly complete, didn't escape Jordan, who tilted their head ever so slightly, their eyes revealing a spark of understanding.","submission, review, understanding, insight, critique",event
Alex replied that he was not having second thoughts.,"reassurance, denial, certainty",event
"The words 'counter-productive' seemed to hang in the air, a tacit reprimand directed at Alex.","rebuke, criticism, warning, reprimand, scolding",event
The thrumming of monitors cast a stark contrast to the rigid silence enveloping the group.,"contrast, tension, silence, stillness, unease",event
Sam Rivera added that Alex and Jordan could make sense of the anomalies.,"analysis, discovery, explanation, anomalies, insight",event
"The compliance in his tone was unsettling, even to himself.","deception, insincerity, manipulation, hypocrisy, unease",event
"He may have spoken in compliance, but his determination had merely taken a subtler form — one that wouldn't surrender so easily to the forthcoming shadows.","determination, defiance, resistance, persistence, resolve",event
"A comfortable silence, the kind that threaded between veterans of shared secrets, lingered briefly before Sam Rivera, never one to submit to quiet, added, ‘I’ve combed through the last transmission logs. If anyone can make sense of the anomalies, it’s going to be the two of you.’","confrontation, revelation, discussion, secrets, tension",event
"Alex flickered a strained smile, still thumbing his folder's corner.","struggle, anxiety, frustration, stress, tension",event
"Feeling the weight of his compliance conflicting with his natural inclination to leave no stone unturned, Alex straightened in his seat.","rebellion, defiance, conflict, tension, resistance",event
Sam Rivera,"person, athlete, player, footballer, sportsman",entity
Paranormal Military Squad's elite,"team, unit, squad, military, elite, force",entity
support,"help, aid, assistance, service, care",entity
reprimand,"reprimand, scold, criticize, punish, blame, warn",entity
anomalies,"abnormalities, irregularities, deviations, exceptions, variations, differences",entity
Jordan Hayes,"jordan hayes, actress, person, woman, female, character",entity
Taylor Cruz,"person, actor, celebrity, model, hunk",entity
protocol,"rule, standard, procedure, guideline, format, method",entity
attention,"focus, concentration, awareness, perception, mindfulness",entity
projectors,"projectors, devices, equipment, technology, tools, display, screen",entity
Alex Mercer,"person, character, protagonist, fictional, human",entity
determination,"motivation, drive, goal, ambition, willpower, resolve",entity
understanding,"knowledge, concept, idea, insight, perception, awareness",entity
compliance,"compliance, regulation, rule, standard, law, requirement, norm",entity
Agent Alex Mercer,"agent, character, person, protagonist, hero, gamer",entity
galvanized,"electrify, energize, motivate, inspire",relation
aligned,"match, sync, harmonize, coordinate, adjust",relation
because,"due to, owing to, thanks to, as a result of, on account of",relation
convened,"gather, assemble, meet, assemble together",relation
directed,"lead, guide, point, steer, manage",relation
at the same time,"coexist, coincide, happen simultaneously, occur together, synchronize",relation
is participated by,"acted by, featured in, starred in, played by, portrayed by",relation
scanned,"examined, inspected, looked at, viewed",relation
added,"append, attach, incorporate, insert, integrate",relation
demanded,"ask for, request, require, need, expect",relation
offered,"provide, give, donate, present, supply",relation
after,"follow, succeed, come next, follow up, after that",relation
revealed,"exposed, uncovered, disclosed, exposed, laid bare",relation
