Name,Type
below,Entity
group,Entity
the steel doors,Entity
Sam Rivera,Entity
shudder,Entity
Dr. Jordan Hayes and Agent Alex Mercer,Entity
Alien technology,Entity
comm signals,Entity
luck,Entity
mask,Entity
hallway,Entity
intellect,Entity
information,Entity
translucent component,Entity
servers,Entity
inward nod,Entity
Dulce's mysterious halls,Entity
door,Entity
Alex Mercer,Entity
The crash site,Entity
screens,Entity
gear,Entity
joined,Entity
panel,Entity
the concrete hallway,Entity
monitors,Entity
shoulders,Entity
they,Entity
base's infrastructure,Entity
facts,Entity
Alex Mercer's struggle,Entity
uncertainty,Entity
understanding,Entity
Rivera,Entity
their gear,Entity
arrival,Entity
Dr. Jordan Hayes,Entity
support,Entity
Jordan Hayes,Entity
footsteps,Entity
paths,Entity
They,Entity
protocol,Entity
Paranormal Military Squad,Entity
expectation,Entity
Anticipation,Entity
Taylor Cruz,Entity
the thick metal door,Entity
Alex,Entity
drone,Entity
imposing doors,Entity
compliance,Entity
Martians,Entity
significance,Entity
facility inhabitants,Entity
Agent Mercer,Entity
here,Entity
dwarfed,Entity
sensors,Entity
alien technology,Entity
briefing room,Entity
duty,Entity
efforts,Entity
motives,Entity
digital haze,Entity
compliment,Entity
the agents,Entity
help,Entity
mind,Entity
The lab,Entity
attention,Entity
embrace,Entity
truths,Entity
physics,Entity
files,Entity
tone,Entity
team,Entity
Cruz,Entity
pace,Entity
The device,Entity
unknown,Entity
thought,Entity
altar,Entity
protocols,Entity
transmission logs,Entity
doors,Entity
trust,Entity
the elevator,Entity
The comms system,Entity
the group,Entity
Dulce base,Entity
approval,Entity
Mercer,Entity
voice,Entity
Paranormal Military Squad's elite,Entity
initiative,Entity
Operation: Dulce,Entity
features,Entity
anticipation,Entity
alone,Entity
desires,Entity
their comms,Entity
the drone,Entity
anomaly,Entity
determination,Entity
threshold,Entity
data,Entity
mission,Entity
gait,Entity
eyes,Entity
something,Entity
resolve,Entity
mainframe room,Entity
rhythm,Entity
Taylor,Entity
central hub,Entity
exchange,Entity
Agents,Entity
struggle,Entity
Agents Alex Mercer,Entity
expression,Entity
Dulce,Entity
brow,Entity
pawns,Entity
device,Entity
projectors,Entity
Agent Cruz,Entity
off,Entity
space,Entity
agents,Entity
mutuality,Entity
elevator,Entity
Agent Alex Mercer's eyes,Entity
dynamics,Entity
spark,Entity
rifle,Entity
supportive nod,Entity
Jordan,Entity
ajar,Entity
command,Entity
Agent Alex Mercer,Entity
office,Entity
Sam,Entity
the team,Entity
link,Entity
curiosity,Entity
workspace,Entity
confidence,Entity
patterns,Entity
nothing,Entity
words,Entity
neck,Entity
intuition,Entity
Jordan Hayes offered a supportive nod to Alex.,Event
"Alex joined Jordan's side, examining the panel which, at a mere glance, seemed just another part of the base's infrastructure.",Event
"About what’s at stake here. Not the mission parameters, but what this means for us—humanity.",Event
Dr. Jordan Hayes couldn't help but muse over the layers of data that could wait below.,Event
"Alex hesitated, weighing his words carefully.",Event
"Jordan, always composed, only allowed the faintest furrow of concentration to mar their brow.",Event
"They converged upon a central hub, the imposing doors to the mainframe room stood ajar",Event
"It was Jordan Hayes who paused at an innocuous looking panel, nondescript amongst the gauntlet of secured doorways.",Event
"'Hayes, Mercer, this isn't philosophy hour. Focus on the task. We need actionable intel, not daydreams.'",Event
"As they descended, Dr. Jordan Hayes couldn't help but muse over the layers of data that could wait below, now almost longing for the comfort of empirical evidence.",Event
"Cruz was the first to react, all business despite the shadow that crossed their expression.",Event
"With a sound of restrained acknowledgment, Jordan returned their gaze to the device, while Alex clenched his jaw, the buzz of frustration dull against the backdrop of Taylor's authoritarian certainty.",Event
"They moved deeper into the heart of the enigma, ready to unmask the lifeforce of Dulce base",Event
"A restlessness that nibbled on the edges of reality, as though forewarning of the threshold they were soon to cross — from the known into the realm of cosmic secrets and silent threats.",Event
"The elevator came to a halting, eerie calm at the sub-level.",Event
"The imposing doors to the mainframe room stood ajar — an invitation or a trap, neither option comforting.",Event
The compliment was unexpected and weighed differently than praise from others.,Event
"The team was descending into the earth, carrying with them not only the weight of their equipment but also the silent pressure of the invisible war they were about to fight—a war that seemed to edge away from physicality and into the unnervingly psychological.",Event
"To an outsider, it might have looked like obsession, this fervent quest for answers.",Event
"Alex flickered a strained smile, still thumbing his folder's corner.",Event
They were each alone yet irrevocably joined,Event
"'You've been quiet, Sam,' Alex noted, catching the younger man's contemplative gaze.",Event
"As the elevator came to a halting, eerie calm at the sub-level, the group stepped off, finding themselves at the threshold of Dulce's mysterious halls.",Event
"'I agree, Agent Cruz. Protocol is paramount,' he said, meeting Taylor's steely gaze.",Event
"Sam Rivera sat in the briefing room, his demeanor an artful balance of focus and a casual disguise of his razor-sharp talent with technology.",Event
"‘Move out,’ they directed, a hint more forceful than before.",Event
"Jordan Hayes who paused at an innocuous looking panel, nondescript amongst the gauntlet of secured doorways.",Event
"Alex's response was measured, more assertive than moments ago.",Event
They were each alone yet irrevocably joined.,Event
"Alex caught Jordan's reflective gaze and leaned in, his voice barely a murmur over the hum of the elevator.",Event
Jordan Hayes showed understanding of Alex's struggle with compliance.,Event
"Jordan Hayes remarked, approaching Mercer.",Event
Taylor Cruz asked Agent Mercer if he was having second thoughts.,Event
"Alex Mercer lingered in thought, the mental cogs turning as each file on Dulce stirred more than curiosity—it beckoned to a past both honored and burdensome.",Event
"Alex noted, catching the younger man's contemplative gaze, 'You've been quiet, Sam.'",Event
The sincerity in his voice resonating with their own unspoken desire to prove their worth.,Event
"The team pressed onward, the quiet now filled with the soft beeps of regular comms checks, their pace undeterred by the confrontation.",Event
"For Alex Mercer, the link with Sam Rivera, though distant, was now poised with a mutuality ready to face the unknown",Event
"Sam regarded Alex for a moment, the sincerity in his voice resonating with their own unspoken desire to prove their worth.",Event
"Solemnly, yet unmistakably together, they moved deeper into the heart of the enigma, ready to unmask the lifeforce of Dulce base or confront whatever existential threat lay in wait.",Event
"'Our tech is top-tier, but the silence from Dulce... It's not just technology that will see us through, it's intuition and... trust.'",Event
"Sam Rivera piped in with a tone of balanced levity, 'Hope everyone’s brought their good luck charms.'",Event
"Taylor Cruz's abrupt arrival, his gait brimming with a robust confidence that veiled the sharp undercurrents of his striving nature.",Event
The charged air between them spiked as Taylor Cruz’s brusque tones sliced through their reverie.,Event
"Cruz was the first to react, all business despite the shadow that crossed their expression. 'Systems check. Now,' they barked out, masking the moment of disquiet with swift command.",Event
Alex flickered a strained smile and replied that he was not having second thoughts.,Event
"The crew exhaled, a moment of collective relief palpable in the air.",Event
"It was this competitive undercurrent that kept him alert, the sense that his and Jordan's shared commitment to discovery was an unspoken rebellion against Cruz's narrowing vision of control and order.",Event
"Jordan explained their reasoning as Sam approached, instinctively understanding the significance of what lay beneath, 'This panel is a recent addition — covering something they didn't want found.'",Event
"Taylor announced, his voice carrying an iron resolve, 'Time to gear up. Dulce waits for no one.'",Event
"Sam Rivera, never one to submit to quiet, added, 'I’ve combed through the last transmission logs. If anyone can make sense of the anomalies, it’s going to be the two of you.'",Event
"Taylor Cruz, stepping firmly into the role of de facto leader, set a brisk pace.",Event
"'If this tech can be understood...' Taylor said, their voice quieter, 'It could change the game for us. For all of us.'",Event
"The words 'counter-productive' seemed to hang in the air, a tacit reprimand directed at Alex.",Event
They were stepping closer towards the volatile embrace of Operation: Dulce,Event
Taylor Cruz's abrupt arrival cut short their exchange.,Event
"The team pressed onward, the quiet now filled with the soft beeps of regular comms checks",Event
"Their fingers paused over the keyboard as they leaned back in the chair, whispering to thin air, 'What secrets are you hiding from us?'",Event
"They filed out of the briefing room, their footsteps synchronized.",Event
"His gaze pierced through the digital haze, trying to instill something more profound than advice.",Event
"'Details are imperative. We’ll need your clear-headedness down there, Mercer.'",Event
"the liminal space between the facts laid out and the hidden truths, sat Sam Rivera, his demeanor an artful balance of focus and a casual disguise of his razor-sharp talent with technology.",Event
"The stillness of the room broke with the unexpected arrival of Alex Mercer, whose encroaching shadow loomed over Sam's workspace.",Event
Taylor Cruz was to be tested.,Event
"A comfortable silence, the kind that threaded between veterans of shared secrets, lingered briefly before Sam Rivera, never one to submit to quiet, added, 'I’ve combed through the last transmission logs. If anyone can make sense of the anomalies, it’s going to be the two of you.'",Event
"Jordan gave a short nod, their analytical mind colliding with the uncertain dynamics of this operation.",Event
"Feeling the weight of his compliance conflicting with his natural inclination to leave no stone unturned, Alex straightened in his seat.",Event
"Like lambs led to an altar of alien deities, so did Agents Alex Mercer, Jordan Hayes, Taylor Cruz, and Sam Rivera proceed, their movements measured, their senses heightened.",Event
The team began to collect their binders and prepare for departure.,Event
"Alex Mercer, whose encroaching shadow loomed over Sam's workspace.",Event
"Taylor Cruz interjected sharply, stepping into their exchange.",Event
Sam and Alex nodded in unison.,Event
"The group stepped off, finding themselves at the threshold of Dulce's mysterious halls.",Event
"Dulce base, a name that had been whispered in the wind-blown deserts above and in the shadowed corners of conspiracy forums, now a tangible cold reality that they could touch — and that touched them back with a chill.",Event
"Mercer, Rivera, come see this,' Jordan’s voice was marked with a rare hint of urgency.",Event
"With dulled eyes, he scanned the projectors outlining their impending odyssey into Operation: Dulce.",Event
Taylor Cruz felt the initiative like a heartbeat,Event
"'Focus, people. We have protocols for a reason. Speculation is counter-productive.'",Event
"Alex hesitated, weighing his words carefully. 'Our tech is top-tier, but the silence from Dulce... It's not just technology that will see us through, it's intuition and... trust.'",Event
"Their laughter served as a brief respite from the gravity of their mission, a shared moment that reinforced their common humanity amidst the unknowable.",Event
A calculated risk—that's what this was.,Event
"Sam nodded, recognizing the space afforded to him, and he couldn't help but feel the weight of expectation pressing upon his shoulders.",Event
"They stood in a tight pack, sharing a cautious glance before fanning out into the unknown, each one acutely aware that the truth was inevitably intertwined with danger.",Event
"Shadows played against the walls of the cramped underground meeting room, where Alex Mercer stood gazing at the concealed elevator that would deliver them into the bowels of Dulce base.",Event
It was a small transformation.,Event
Their usual buoyancy dimmed by the oppressive atmosphere.,Event
"They filed out of the briefing room, their footsteps synchronized, a rhythm that spoke volumes of the unknown cadence they would soon march to within the base's veins.",Event
"Jordan looked up, and for a fleeting heartbeat, their eyes locked with Taylor's, a wordless clash of wills softening into an uneasy truce.",Event
"Cruz squared their shoulders, clearly ruffled but not conceding any ground.",Event
"It was an affirmation, but beneath it lay layers of unspoken complexities that would undoubtedly unwind with time.",Event
"And for a person of science, a gamble was worth the potential paradigm shift.",Event
Taylor snorted dismissively.,Event
"They refocused their efforts, each movement sharpened by the knowledge that beyond understanding the unearthly artifacts, they might be piecing together the future of their species.",Event
Taylor Cruz reprimanded the team for speculation.,Event
"beneath the veneer of duty, the enticement of the vast unknown pulled them inexorably together",Event
"The air was still, almost respectful of the gravity of their presence.",Event
"Sam, fiddling with a handheld device aimed at detecting electronic anomalies, offered a murmured 'Copy that,'",Event
"Their eyes locked with Alex's, silently exchanging a vow to remain vigilant.",Event
"As Sam and Alex nodded in unison, the icy chasm of hierarchy and cryptic protocols seemed momentarily to bridge over with an understanding—this mission was convergence, a nexus point that would challenge each of their motives and strength.",Event
"Sam's voice crackled through, only half-jest, 'I'd laugh if we run into Martians playing poker down there—just to lighten the mood, you know?'",Event
"The air was thick, every breath laced with the weight of impending confrontation, the kind one feels when stepping into a legend.",Event
"'You two need to cut the philosophical chatter. We have positions to secure,' Taylor Cruz interjected sharply, stepping into their exchange.",Event
Jordan Hayes paused at an innocuous looking panel,Event
'The quest for understanding always comes at a price. We're standing on the precipice of knowledge that could either elevate us or condemn us.',Event
"'Acknowledged, Agent Cruz,' he replied, his voice steadier, mirroring the transformation brewing within.",Event
Then Taylor did something unexpected.,Event
"As they congregated at the elevator, a tension palpable, Sam Rivera piped in with a tone of balanced levity, 'Hope everyone’s brought their good luck charms. Something tells me we’re going to need all the help we can get.'",Event
"'About what’s at stake here. Not the mission parameters, but what this means for us—humanity.'",Event
"Agent Alex Mercer, unfailingly determined on paper, seemed dwarfed by the enormity of the sterile briefing room where Paranormal Military Squad's elite convened.",Event
It wasn't the mechanical stutter of old gears but a vibration that seemed to emanate from the very walls of the shaft—a whisper of something that defied natural explanation.,Event
Jordan explained their reasoning as Sam approached,Event
"Jordan glanced up, meeting his eyes just long enough to convey the shared enormity of their situation, the career-defining glory and existential dread entwined.",Event
"The initiative pulsed like a heartbeat, anticipation thinly veiled behind a mask of duty.",Event
"Sam, it was a dance — a give and take with the mysteries of the universe.",Event
"Sam admitted, hesitant but driven, 'The patterns are... off.'",Event
"Jordan said, the words carrying a trace of newfound assertiveness.",Event
Agent Alex Mercer seemed dwarfed by the enormity of the sterile briefing room where Paranormal Military Squad's elite convened.,Event
"To think that this reluctance to accept other possibilities may have been my biggest blind spot, Jordan contemplated, feeling the hard shell of skepticism begin to crack.",Event
"'Of course not, Agent Cruz. Just trying to soak in all the details.'",Event
"Sam was the first to react, their tech-savvy mind already steps ahead",Event
'Could be fundamentally changed by this.',Event
"Sam nodded, recognizing the space afforded to him",Event
"Taylor Cruz, stepping firmly into the role of de facto leader, set a brisk pace. 'Eyes sharp, people. Comms check, every thirty seconds,' Taylor ordered, their voice echoing slightly before being swallowed by the surrounding silence.",Event
"exchange was cut short by a shudder that ran through the elevator, subtle, but enough to make them instinctively hold their breaths.",Event
"Jordan Hayes, perched on the opposite side of the table, narrowed their eyes but offered a supportive nod.",Event
"Cruz’s voice trailed off as the small airborne device came into view, its sensors locked onto the group.",Event
Sam Rivera added that Alex and Jordan were going to make sense of the anomalies.,Event
"Yet, to the trained eye, it appeared out of place—a facade",Event
"But there was an unspoken question among them: was their technology, their weaponry, their protocols sufficient for what awaited them or merely a fragile comfort?",Event
the blink of lights and whir of machinery,Event
Their laughter served as a brief respite from the gravity of their mission.,Event
"Without a word, they fortified their resolve and stepped through the threshold, where the dim glow of operational LED lights and the distant hum of machinery hinted at Dulce’s still-beating heart.",Event
"'What we understand about physics...' they muttered, trailing off as they realigned a translucent component.",Event
They knew well enough the struggle of aligning personal convictions with overarching missions.,Event
"Sam was the first to react, their tech-savvy mind already steps ahead.",Event
"Alex joined Jordan's side, examining the panel",Event
he couldn't help but feel the weight of expectation pressing upon his shoulders,Event
Amidst the sterility of the briefing room,Event
"Despite—or perhaps because of—the oddity of the moment, this elicited a round of chuckles, an audible release of tension that ran counterpoint to the undercurrent of anxiety coursing through the team.",Event
"Their shared silence held a newfound understanding, a recognition that between the ones and zeros, it was their combined human insights that might prevail against the impossible.",Event
They filed out of the briefing room,Event
"'It's like we're being pulled into someone else’s game. Not just observers or participants, but... pawns.'",Event
"The drone lingered, its scan seeming more curious than hostile.",Event
"The device emitted a low pulse, causing Jordan to still.",Event
They fortified their resolve and stepped through the threshold,Event
"Sam's voice crackled through, only half-jest. 'I'd laugh if we run into Martians playing poker down there—just to lighten the mood, you know?'",Event
"Yet, every agent held a renewed sense of wariness, their trust in one another deepening with the knowledge that the base—its technology, its secrets—was alive in a way they hadn't fully anticipated.",Event
"'Good. Keen eyes will keep us ahead—or at least not blindsided,' he said",Event
"Cruz squared their shoulders, clearly ruffled but not conceding any ground",Event
"Without a word, they fortified their resolve and stepped through the threshold,",Event
"The compliance in his tone was unsettling, even to himself.",Event
"They barked out, 'Systems check. Now,' masking the moment of disquiet with swift command.",Event
"Outside the office, the persistent buzz of activity in the facility belied the unease that gripped its inhabitants.",Event
"The underlying dismissal earlier seemed to falter, replaced by a glimpse of reluctant respect for the gravity of what lay in their hands.",Event
"A comfortable silence, the kind that threaded between veterans of shared secrets, lingered briefly.",Event
"Eyes sharp, people. Comms check, every thirty seconds,' Taylor ordered, their voice echoing slightly before being swallowed by the surrounding silence.",Event
"As everyone began to collect their binders and prepare for departure, a quiet resolve took form within Alex, galvanized by the groundwork laid by their interactions.",Event
"A comfortable silence, the kind that threaded between veterans of shared secrets, lingered briefly before Sam Rivera, never one to submit to quiet, added,",Event
"Alex turned, his features a mask of uneasy resolve.",Event
"'I've felt that way since the briefing. Like there's a layer we’re not seeing. And yet, we have no choice but to play along.'",Event
The soft whir of an approaching drone cut through their muffled exchange,Event
"Into the depths of Dulce, the team advanced, their silence now a shared testament to the camaraderie born of facing the abyss together—and the steel resolve to uncover whatever horrors lay hidden in its shadows.",Event
They were stepping closer towards the volatile embrace of Operation: Dulce.,Event
The crackle of the comms system coming to life that cut through the lab’s tension.,Event
"Their torch beams sliced through the darkness, uncovering steel doors with warnings that spoke of top secrets and mortal dangers.",Event
"The weight of the thick metal door closing behind them reverberated through the concrete hallway, marking the final threshold between the familiar world above and the strangeness that lay beneath.",Event
"Alex's submission, though seemingly complete, didn't escape Jordan, who tilted their head ever so slightly, their eyes revealing a spark of understanding.",Event
"'I know what you're thinking,' Jordan Hayes remarked, approaching Mercer. Their voice was low, a blend of confidence and hidden apprehension.",Event
Alex Mercer stood gazing at the concealed elevator that would deliver them into the bowels of Dulce base.,Event
"The cooling vents hummed in a monotonous drone, but it was the crackle of the comms system coming to life that cut through the lab’s tension.",Event
"Sam Rivera sat alone in a cramped office, the hum of a dozen servers murmuring a digital lullaby in the background.",Event
Taylor had looped back upon hearing the commotion.,Event
"Sam Rivera piped in with a tone of balanced levity, 'Hope everyone’s brought their good luck charms. Something tells me we’re going to need all the help we can get.'",Event
"'I’ve been thinking,' Alex started, his eyes still fixed on the immediately tangible mystery before them.",Event
"'Time to gear up. Dulce waits for no one,' Taylor announced",Event
"Taylor snorted dismissively. 'Focus, people. We have protocols for a reason. Speculation is counter-productive.'",Event
"Before Alex could respond, the soft whir of an approaching drone cut through their muffled exchange.",Event
They had all been brought here by different paths and for different reasons.,Event
"Once we're down there, keep that analytical edge sharp. You see through the mazes of the unexplained better than anyone.",Event
"Dr. Jordan Hayes hovered over a table arrayed with alien technology, their fingers delicately probing the enigmatic circuitry retrieved from the crash site.",Event
"It was Taylor Cruz’s voice, laced with an edge that demanded attention.",Event
"Sam nodded, recognizing the space afforded to him.",Event
Alex's eyes brightened with a subtle approval that crossed the distance like a silent nod.,Event
"He may have spoken in compliance, but his determination had merely taken a subtler form — one that wouldn't surrender so easily to the forthcoming shadows.",Event
"Surrounded by the glow of multiple screens, their eyes danced across lines of code and intercepted comm signals from Dulce — a kaleidoscope of data that their curious and isolated mind hungered to decrypt.",Event
"They paused beside Jordan and, for a moment, observed the device with something akin to reverence.",Event
"The drone lingered, its scan seeming more curious than hostile",Event
"Agent Alex Mercer watched, admiration blooming in silent solidarity for Jordan's deft touch and unspoken drive.",Event
The thrumming of monitors cast a stark contrast to the rigid silence enveloping the group.,Event
"A shudder ran through the elevator, subtle, but enough to make them instinctively hold their breaths.",Event
"'I’ve combed through the last transmission logs. If anyone can make sense of the anomalies, it’s going to be the two of you.'",Event
"As Alex turned to leave, Sam's eyes drifted back to the screens, now seeing them not as barriers to isolate behind, but as windows into the vast and enigmatic challenge that awaited their team.",Event
"Every agent checked their gear, sending confirmation signals through their comms, creating a chorus of electronic beeps that promised readiness.",Event
Alex agreed with Taylor Cruz that protocol was paramount.,Event
"The cybersecurity expert craned their neck upwards, met by the ever-so-slight furrow in Alex's brow.",Event
Anticipation was thinly veiled behind a mask of duty,Event
pierced,Relation
waited,Relation
closed,Relation
because,Relation
converged,Relation
synchronized,Relation
was,Relation
were,Relation
formed,Relation
admitted,Relation
intercepted,Relation
stirred,Relation
poised,Relation
advanced,Relation
loomed,Relation
collided,Relation
towards,Relation
spoke,Relation
laid,Relation
fortified,Relation
glanced,Relation
locked eyes,Relation
whispered,Relation
turned,Relation
drifted,Relation
hungered,Relation
seemed,Relation
pulled,Relation
had,Relation
watched,Relation
knew,Relation
as a result,Relation
structured,Relation
stepping,Relation
directed,Relation
craned,Relation
after,Relation
nodded,Relation
stood,Relation
cut,Relation
scanned,Relation
paused,Relation
sat,Relation
acknowledged,Relation
bridged,Relation
covering,Relation
noted,Relation
stepped,Relation
locked,Relation
appeared,Relation
observed,Relation
laughed,Relation
lingered,Relation
remarked,Relation
brought,Relation
muttered,Relation
added,Relation
aligned,Relation
moved,Relation
at the same time,Relation
understood,Relation
is participated by,Relation
said,Relation
afforded,Relation
mirrored,Relation
mused,Relation
barked,Relation
checked,Relation
crackled,Relation
met,Relation
interfered,Relation
challenged,Relation
hovered,Relation
proceeded,Relation
reprimanded,Relation
guiding,Relation
interrupted,Relation
arrived,Relation
became,Relation
realigned,Relation
hesitated,Relation
and,Relation
before,Relation
pressing,Relation
coalescing,Relation
reacted,Relation
saw,Relation
weighed,Relation
regarded,Relation
explained,Relation
gripped,Relation
offered,Relation
approached,Relation
sharpened,Relation
ran,Relation
placed,Relation
brightened,Relation
responded,Relation
asked,Relation
worked,Relation
demanded,Relation
pulsed,Relation
probed,Relation
brimming,Relation
felt,Relation
set,Relation
