:START_ID,:END_ID,:TYPE
Alex Mercer,d7d045db7baae0f6d60ed56b0123cd3a2cd67cddede6f27401d552bd73efa969,Source
dwarfed,d7d045db7baae0f6d60ed56b0123cd3a2cd67cddede6f27401d552bd73efa969,Source
Taylor Cruz,d7d045db7baae0f6d60ed56b0123cd3a2cd67cddede6f27401d552bd73efa969,Source
attention,d7d045db7baae0f6d60ed56b0123cd3a2cd67cddede6f27401d552bd73efa969,Source
compliance,d7d045db7baae0f6d60ed56b0123cd3a2cd67cddede6f27401d552bd73efa969,Source
Jordan Hayes,d7d045db7baae0f6d60ed56b0123cd3a2cd67cddede6f27401d552bd73efa969,Source
support,d7d045db7baae0f6d60ed56b0123cd3a2cd67cddede6f27401d552bd73efa969,Source
Sam Rivera,d7d045db7baae0f6d60ed56b0123cd3a2cd67cddede6f27401d552bd73efa969,Source
information,d7d045db7baae0f6d60ed56b0123cd3a2cd67cddede6f27401d552bd73efa969,Source
protocol,d7d045db7baae0f6d60ed56b0123cd3a2cd67cddede6f27401d552bd73efa969,Source
Alex Mercer's struggle,d7d045db7baae0f6d60ed56b0123cd3a2cd67cddede6f27401d552bd73efa969,Source
determination,d7d045db7baae0f6d60ed56b0123cd3a2cd67cddede6f27401d552bd73efa969,Source
The thrumming of monitors cast a stark contrast to the rigid silence enveloping the group.,d7d045db7baae0f6d60ed56b0123cd3a2cd67cddede6f27401d552bd73efa969,Source
"Agent Alex Mercer, unfailingly determined on paper, seemed dwarfed by the enormity of the sterile briefing room where Paranormal Military Squad's elite convened.",d7d045db7baae0f6d60ed56b0123cd3a2cd67cddede6f27401d552bd73efa969,Source
"With dulled eyes, he scanned the projectors outlining their impending odyssey into Operation: Dulce.",d7d045db7baae0f6d60ed56b0123cd3a2cd67cddede6f27401d552bd73efa969,Source
"It was Taylor Cruz’s voice, laced with an edge that demanded attention.",d7d045db7baae0f6d60ed56b0123cd3a2cd67cddede6f27401d552bd73efa969,Source
"Alex flickered a strained smile, still thumbing his folder's corner.",d7d045db7baae0f6d60ed56b0123cd3a2cd67cddede6f27401d552bd73efa969,Source
"The compliance in his tone was unsettling, even to himself.",d7d045db7baae0f6d60ed56b0123cd3a2cd67cddede6f27401d552bd73efa969,Source
"Jordan Hayes, perched on the opposite side of the table, narrowed their eyes but offered a supportive nod.",d7d045db7baae0f6d60ed56b0123cd3a2cd67cddede6f27401d552bd73efa969,Source
"'Details are imperative. We’ll need your clear-headedness down there, Mercer.'",d7d045db7baae0f6d60ed56b0123cd3a2cd67cddede6f27401d552bd73efa969,Source
"A comfortable silence, the kind that threaded between veterans of shared secrets, lingered briefly before Sam Rivera, never one to submit to quiet, added, 'I’ve combed through the last transmission logs. If anyone can make sense of the anomalies, it’s going to be the two of you.'",d7d045db7baae0f6d60ed56b0123cd3a2cd67cddede6f27401d552bd73efa969,Source
"Taylor snorted dismissively. 'Focus, people. We have protocols for a reason. Speculation is counter-productive.'",d7d045db7baae0f6d60ed56b0123cd3a2cd67cddede6f27401d552bd73efa969,Source
"The words 'counter-productive' seemed to hang in the air, a tacit reprimand directed at Alex.",d7d045db7baae0f6d60ed56b0123cd3a2cd67cddede6f27401d552bd73efa969,Source
"Feeling the weight of his compliance conflicting with his natural inclination to leave no stone unturned, Alex straightened in his seat.",d7d045db7baae0f6d60ed56b0123cd3a2cd67cddede6f27401d552bd73efa969,Source
"It was an affirmation, but beneath it lay layers of unspoken complexities that would undoubtedly unwind with time.",d7d045db7baae0f6d60ed56b0123cd3a2cd67cddede6f27401d552bd73efa969,Source
"Alex's submission, though seemingly complete, didn't escape Jordan, who tilted their head ever so slightly, their eyes revealing a spark of understanding.",d7d045db7baae0f6d60ed56b0123cd3a2cd67cddede6f27401d552bd73efa969,Source
They knew well enough the struggle of aligning personal convictions with overarching missions.,d7d045db7baae0f6d60ed56b0123cd3a2cd67cddede6f27401d552bd73efa969,Source
"As everyone began to collect their binders and prepare for departure, a quiet resolve took form within Alex, galvanized by the groundwork laid by their interactions.",d7d045db7baae0f6d60ed56b0123cd3a2cd67cddede6f27401d552bd73efa969,Source
"He may have spoken in compliance, but his determination had merely taken a subtler form — one that wouldn't surrender so easily to the forthcoming shadows.",d7d045db7baae0f6d60ed56b0123cd3a2cd67cddede6f27401d552bd73efa969,Source
monitors,d7d045db7baae0f6d60ed56b0123cd3a2cd67cddede6f27401d552bd73efa969,Source
group,d7d045db7baae0f6d60ed56b0123cd3a2cd67cddede6f27401d552bd73efa969,Source
Agent Alex Mercer,d7d045db7baae0f6d60ed56b0123cd3a2cd67cddede6f27401d552bd73efa969,Source
briefing room,d7d045db7baae0f6d60ed56b0123cd3a2cd67cddede6f27401d552bd73efa969,Source
Paranormal Military Squad,d7d045db7baae0f6d60ed56b0123cd3a2cd67cddede6f27401d552bd73efa969,Source
projectors,d7d045db7baae0f6d60ed56b0123cd3a2cd67cddede6f27401d552bd73efa969,Source
Operation: Dulce,d7d045db7baae0f6d60ed56b0123cd3a2cd67cddede6f27401d552bd73efa969,Source
"'Of course not, Agent Cruz. Just trying to soak in all the details.'",d7d045db7baae0f6d60ed56b0123cd3a2cd67cddede6f27401d552bd73efa969,Source
Agent Cruz,d7d045db7baae0f6d60ed56b0123cd3a2cd67cddede6f27401d552bd73efa969,Source
"A comfortable silence, the kind that threaded between veterans of shared secrets, lingered briefly.",d7d045db7baae0f6d60ed56b0123cd3a2cd67cddede6f27401d552bd73efa969,Source
"Sam Rivera, never one to submit to quiet, added, 'I’ve combed through the last transmission logs. If anyone can make sense of the anomalies, it’s going to be the two of you.'",d7d045db7baae0f6d60ed56b0123cd3a2cd67cddede6f27401d552bd73efa969,Source
Taylor snorted dismissively.,d7d045db7baae0f6d60ed56b0123cd3a2cd67cddede6f27401d552bd73efa969,Source
"'Focus, people. We have protocols for a reason. Speculation is counter-productive.'",d7d045db7baae0f6d60ed56b0123cd3a2cd67cddede6f27401d552bd73efa969,Source
"'I agree, Agent Cruz. Protocol is paramount,' he said, meeting Taylor's steely gaze.",d7d045db7baae0f6d60ed56b0123cd3a2cd67cddede6f27401d552bd73efa969,Source
Agent Mercer,d7d045db7baae0f6d60ed56b0123cd3a2cd67cddede6f27401d552bd73efa969,Source
supportive nod,d7d045db7baae0f6d60ed56b0123cd3a2cd67cddede6f27401d552bd73efa969,Source
transmission logs,d7d045db7baae0f6d60ed56b0123cd3a2cd67cddede6f27401d552bd73efa969,Source
protocols,d7d045db7baae0f6d60ed56b0123cd3a2cd67cddede6f27401d552bd73efa969,Source
struggle,d7d045db7baae0f6d60ed56b0123cd3a2cd67cddede6f27401d552bd73efa969,Source
spark,d7d045db7baae0f6d60ed56b0123cd3a2cd67cddede6f27401d552bd73efa969,Source
resolve,d7d045db7baae0f6d60ed56b0123cd3a2cd67cddede6f27401d552bd73efa969,Source
"A comfortable silence, the kind that threaded between veterans of shared secrets, lingered briefly before Sam Rivera, never one to submit to quiet, added,",d7d045db7baae0f6d60ed56b0123cd3a2cd67cddede6f27401d552bd73efa969,Source
"'I’ve combed through the last transmission logs. If anyone can make sense of the anomalies, it’s going to be the two of you.'",d7d045db7baae0f6d60ed56b0123cd3a2cd67cddede6f27401d552bd73efa969,Source
Agent Alex Mercer seemed dwarfed by the enormity of the sterile briefing room where Paranormal Military Squad's elite convened.,d7d045db7baae0f6d60ed56b0123cd3a2cd67cddede6f27401d552bd73efa969,Source
Paranormal Military Squad's elite,d7d045db7baae0f6d60ed56b0123cd3a2cd67cddede6f27401d552bd73efa969,Source
Taylor Cruz asked Agent Mercer if he was having second thoughts.,d7d045db7baae0f6d60ed56b0123cd3a2cd67cddede6f27401d552bd73efa969,Source
Alex flickered a strained smile and replied that he was not having second thoughts.,d7d045db7baae0f6d60ed56b0123cd3a2cd67cddede6f27401d552bd73efa969,Source
Jordan Hayes offered a supportive nod to Alex.,d7d045db7baae0f6d60ed56b0123cd3a2cd67cddede6f27401d552bd73efa969,Source
Sam Rivera added that Alex and Jordan were going to make sense of the anomalies.,d7d045db7baae0f6d60ed56b0123cd3a2cd67cddede6f27401d552bd73efa969,Source
Taylor Cruz reprimanded the team for speculation.,d7d045db7baae0f6d60ed56b0123cd3a2cd67cddede6f27401d552bd73efa969,Source
Alex agreed with Taylor Cruz that protocol was paramount.,d7d045db7baae0f6d60ed56b0123cd3a2cd67cddede6f27401d552bd73efa969,Source
Jordan Hayes showed understanding of Alex's struggle with compliance.,d7d045db7baae0f6d60ed56b0123cd3a2cd67cddede6f27401d552bd73efa969,Source
The team began to collect their binders and prepare for departure.,d7d045db7baae0f6d60ed56b0123cd3a2cd67cddede6f27401d552bd73efa969,Source
office,6e88a05b4573047ccfc9aec41deef0175163020e9ada18f572c138b5c01d35cb,Source
servers,6e88a05b4573047ccfc9aec41deef0175163020e9ada18f572c138b5c01d35cb,Source
comm signals,6e88a05b4573047ccfc9aec41deef0175163020e9ada18f572c138b5c01d35cb,Source
data,6e88a05b4573047ccfc9aec41deef0175163020e9ada18f572c138b5c01d35cb,Source
workspace,6e88a05b4573047ccfc9aec41deef0175163020e9ada18f572c138b5c01d35cb,Source
neck,6e88a05b4573047ccfc9aec41deef0175163020e9ada18f572c138b5c01d35cb,Source
brow,6e88a05b4573047ccfc9aec41deef0175163020e9ada18f572c138b5c01d35cb,Source
words,6e88a05b4573047ccfc9aec41deef0175163020e9ada18f572c138b5c01d35cb,Source
digital haze,6e88a05b4573047ccfc9aec41deef0175163020e9ada18f572c138b5c01d35cb,Source
intuition,6e88a05b4573047ccfc9aec41deef0175163020e9ada18f572c138b5c01d35cb,Source
screens,6e88a05b4573047ccfc9aec41deef0175163020e9ada18f572c138b5c01d35cb,Source
elevator,6e88a05b4573047ccfc9aec41deef0175163020e9ada18f572c138b5c01d35cb,Source
Mercer,6e88a05b4573047ccfc9aec41deef0175163020e9ada18f572c138b5c01d35cb,Source
"Sam Rivera sat alone in a cramped office, the hum of a dozen servers murmuring a digital lullaby in the background.",6e88a05b4573047ccfc9aec41deef0175163020e9ada18f572c138b5c01d35cb,Source
"The stillness of the room broke with the unexpected arrival of Alex Mercer, whose encroaching shadow loomed over Sam's workspace.",6e88a05b4573047ccfc9aec41deef0175163020e9ada18f572c138b5c01d35cb,Source
"Surrounded by the glow of multiple screens, their eyes danced across lines of code and intercepted comm signals from Dulce — a kaleidoscope of data that their curious and isolated mind hungered to decrypt.",6e88a05b4573047ccfc9aec41deef0175163020e9ada18f572c138b5c01d35cb,Source
"To an outsider, it might have looked like obsession, this fervent quest for answers.",6e88a05b4573047ccfc9aec41deef0175163020e9ada18f572c138b5c01d35cb,Source
"Sam, it was a dance — a give and take with the mysteries of the universe.",6e88a05b4573047ccfc9aec41deef0175163020e9ada18f572c138b5c01d35cb,Source
"Alex Mercer, whose encroaching shadow loomed over Sam's workspace.",6e88a05b4573047ccfc9aec41deef0175163020e9ada18f572c138b5c01d35cb,Source
"Their fingers paused over the keyboard as they leaned back in the chair, whispering to thin air, 'What secrets are you hiding from us?'",6e88a05b4573047ccfc9aec41deef0175163020e9ada18f572c138b5c01d35cb,Source
"Alex hesitated, weighing his words carefully.",6e88a05b4573047ccfc9aec41deef0175163020e9ada18f572c138b5c01d35cb,Source
"The cybersecurity expert craned their neck upwards, met by the ever-so-slight furrow in Alex's brow.",6e88a05b4573047ccfc9aec41deef0175163020e9ada18f572c138b5c01d35cb,Source
"'Our tech is top-tier, but the silence from Dulce... It's not just technology that will see us through, it's intuition and... trust.'",6e88a05b4573047ccfc9aec41deef0175163020e9ada18f572c138b5c01d35cb,Source
"His gaze pierced through the digital haze, trying to instill something more profound than advice.",6e88a05b4573047ccfc9aec41deef0175163020e9ada18f572c138b5c01d35cb,Source
"Sam regarded Alex for a moment, the sincerity in his voice resonating with their own unspoken desire to prove their worth.",6e88a05b4573047ccfc9aec41deef0175163020e9ada18f572c138b5c01d35cb,Source
The sincerity in his voice resonating with their own unspoken desire to prove their worth.,6e88a05b4573047ccfc9aec41deef0175163020e9ada18f572c138b5c01d35cb,Source
"As Alex turned to leave, Sam's eyes drifted back to the screens, now seeing them not as barriers to isolate behind, but as windows into the vast and enigmatic challenge that awaited their team.",6e88a05b4573047ccfc9aec41deef0175163020e9ada18f572c138b5c01d35cb,Source
"Their shared silence held a newfound understanding, a recognition that between the ones and zeros, it was their combined human insights that might prevail against the impossible.",6e88a05b4573047ccfc9aec41deef0175163020e9ada18f572c138b5c01d35cb,Source
"Outside the office, the persistent buzz of activity in the facility belied the unease that gripped its inhabitants.",6e88a05b4573047ccfc9aec41deef0175163020e9ada18f572c138b5c01d35cb,Source
"A restlessness that nibbled on the edges of reality, as though forewarning of the threshold they were soon to cross — from the known into the realm of cosmic secrets and silent threats.",6e88a05b4573047ccfc9aec41deef0175163020e9ada18f572c138b5c01d35cb,Source
"Shadows played against the walls of the cramped underground meeting room, where Alex Mercer stood gazing at the concealed elevator that would deliver them into the bowels of Dulce base.",6e88a05b4573047ccfc9aec41deef0175163020e9ada18f572c138b5c01d35cb,Source
"The air was thick, every breath laced with the weight of impending confrontation, the kind one feels when stepping into a legend.",6e88a05b4573047ccfc9aec41deef0175163020e9ada18f572c138b5c01d35cb,Source
Alex Mercer stood gazing at the concealed elevator that would deliver them into the bowels of Dulce base.,6e88a05b4573047ccfc9aec41deef0175163020e9ada18f572c138b5c01d35cb,Source
"Jordan Hayes remarked, approaching Mercer.",6e88a05b4573047ccfc9aec41deef0175163020e9ada18f572c138b5c01d35cb,Source
Dulce,6e88a05b4573047ccfc9aec41deef0175163020e9ada18f572c138b5c01d35cb,Source
"Alex hesitated, weighing his words carefully. 'Our tech is top-tier, but the silence from Dulce... It's not just technology that will see us through, it's intuition and... trust.'",6e88a05b4573047ccfc9aec41deef0175163020e9ada18f572c138b5c01d35cb,Source
facility inhabitants,6e88a05b4573047ccfc9aec41deef0175163020e9ada18f572c138b5c01d35cb,Source
Dulce base,6e88a05b4573047ccfc9aec41deef0175163020e9ada18f572c138b5c01d35cb,Source
"'I know what you're thinking,' Jordan Hayes remarked, approaching Mercer. Their voice was low, a blend of confidence and hidden apprehension.",6e88a05b4573047ccfc9aec41deef0175163020e9ada18f572c138b5c01d35cb,Source
Alex,d87c09a958658adb37a50ee6b087161db224f3af4c071ada5b027f6b1a983d5a,Source
features,d87c09a958658adb37a50ee6b087161db224f3af4c071ada5b027f6b1a983d5a,Source
mask,d87c09a958658adb37a50ee6b087161db224f3af4c071ada5b027f6b1a983d5a,Source
mission,d87c09a958658adb37a50ee6b087161db224f3af4c071ada5b027f6b1a983d5a,Source
pawns,d87c09a958658adb37a50ee6b087161db224f3af4c071ada5b027f6b1a983d5a,Source
Jordan,d87c09a958658adb37a50ee6b087161db224f3af4c071ada5b027f6b1a983d5a,Source
mind,d87c09a958658adb37a50ee6b087161db224f3af4c071ada5b027f6b1a983d5a,Source
dynamics,d87c09a958658adb37a50ee6b087161db224f3af4c071ada5b027f6b1a983d5a,Source
Taylor,d87c09a958658adb37a50ee6b087161db224f3af4c071ada5b027f6b1a983d5a,Source
exchange,d87c09a958658adb37a50ee6b087161db224f3af4c071ada5b027f6b1a983d5a,Source
Cruz,d87c09a958658adb37a50ee6b087161db224f3af4c071ada5b027f6b1a983d5a,Source
rifle,d87c09a958658adb37a50ee6b087161db224f3af4c071ada5b027f6b1a983d5a,Source
Sam,d87c09a958658adb37a50ee6b087161db224f3af4c071ada5b027f6b1a983d5a,Source
luck,d87c09a958658adb37a50ee6b087161db224f3af4c071ada5b027f6b1a983d5a,Source
help,d87c09a958658adb37a50ee6b087161db224f3af4c071ada5b027f6b1a983d5a,Source
below,d87c09a958658adb37a50ee6b087161db224f3af4c071ada5b027f6b1a983d5a,Source
compliment,d87c09a958658adb37a50ee6b087161db224f3af4c071ada5b027f6b1a983d5a,Source
"Alex turned, his features a mask of uneasy resolve.",d87c09a958658adb37a50ee6b087161db224f3af4c071ada5b027f6b1a983d5a,Source
"'It's like we're being pulled into someone else’s game. Not just observers or participants, but... pawns.'",d87c09a958658adb37a50ee6b087161db224f3af4c071ada5b027f6b1a983d5a,Source
"Jordan gave a short nod, their analytical mind colliding with the uncertain dynamics of this operation.",d87c09a958658adb37a50ee6b087161db224f3af4c071ada5b027f6b1a983d5a,Source
"'I've felt that way since the briefing. Like there's a layer we’re not seeing. And yet, we have no choice but to play along.'",d87c09a958658adb37a50ee6b087161db224f3af4c071ada5b027f6b1a983d5a,Source
"'You two need to cut the philosophical chatter. We have positions to secure,' Taylor Cruz interjected sharply, stepping into their exchange.",d87c09a958658adb37a50ee6b087161db224f3af4c071ada5b027f6b1a983d5a,Source
"Alex's response was measured, more assertive than moments ago.",d87c09a958658adb37a50ee6b087161db224f3af4c071ada5b027f6b1a983d5a,Source
"'Acknowledged, Agent Cruz,' he replied, his voice steadier, mirroring the transformation brewing within.",d87c09a958658adb37a50ee6b087161db224f3af4c071ada5b027f6b1a983d5a,Source
"Sam Rivera piped in with a tone of balanced levity, 'Hope everyone’s brought their good luck charms. Something tells me we’re going to need all the help we can get.'",d87c09a958658adb37a50ee6b087161db224f3af4c071ada5b027f6b1a983d5a,Source
"As they congregated at the elevator, a tension palpable, Sam Rivera piped in with a tone of balanced levity, 'Hope everyone’s brought their good luck charms. Something tells me we’re going to need all the help we can get.'",d87c09a958658adb37a50ee6b087161db224f3af4c071ada5b027f6b1a983d5a,Source
"Their laughter served as a brief respite from the gravity of their mission, a shared moment that reinforced their common humanity amidst the unknowable.",d87c09a958658adb37a50ee6b087161db224f3af4c071ada5b027f6b1a983d5a,Source
"The team was descending into the earth, carrying with them not only the weight of their equipment but also the silent pressure of the invisible war they were about to fight—a war that seemed to edge away from physicality and into the unnervingly psychological.",d87c09a958658adb37a50ee6b087161db224f3af4c071ada5b027f6b1a983d5a,Source
"As they descended, Dr. Jordan Hayes couldn't help but muse over the layers of data that could wait below, now almost longing for the comfort of empirical evidence.",d87c09a958658adb37a50ee6b087161db224f3af4c071ada5b027f6b1a983d5a,Source
"To think that this reluctance to accept other possibilities may have been my biggest blind spot, Jordan contemplated, feeling the hard shell of skepticism begin to crack.",d87c09a958658adb37a50ee6b087161db224f3af4c071ada5b027f6b1a983d5a,Source
"Alex caught Jordan's reflective gaze and leaned in, his voice barely a murmur over the hum of the elevator.",d87c09a958658adb37a50ee6b087161db224f3af4c071ada5b027f6b1a983d5a,Source
"Once we're down there, keep that analytical edge sharp. You see through the mazes of the unexplained better than anyone.",d87c09a958658adb37a50ee6b087161db224f3af4c071ada5b027f6b1a983d5a,Source
"Jordan said, the words carrying a trace of newfound assertiveness.",d87c09a958658adb37a50ee6b087161db224f3af4c071ada5b027f6b1a983d5a,Source
"Their eyes locked with Alex's, silently exchanging a vow to remain vigilant.",d87c09a958658adb37a50ee6b087161db224f3af4c071ada5b027f6b1a983d5a,Source
"Taylor Cruz interjected sharply, stepping into their exchange.",d87c09a958658adb37a50ee6b087161db224f3af4c071ada5b027f6b1a983d5a,Source
"Sam Rivera piped in with a tone of balanced levity, 'Hope everyone’s brought their good luck charms.'",d87c09a958658adb37a50ee6b087161db224f3af4c071ada5b027f6b1a983d5a,Source
Their laughter served as a brief respite from the gravity of their mission.,d87c09a958658adb37a50ee6b087161db224f3af4c071ada5b027f6b1a983d5a,Source
Dr. Jordan Hayes couldn't help but muse over the layers of data that could wait below.,d87c09a958658adb37a50ee6b087161db224f3af4c071ada5b027f6b1a983d5a,Source
Dr. Jordan Hayes,d87c09a958658adb37a50ee6b087161db224f3af4c071ada5b027f6b1a983d5a,Source
The compliment was unexpected and weighed differently than praise from others.,d87c09a958658adb37a50ee6b087161db224f3af4c071ada5b027f6b1a983d5a,Source
shudder,80cd649d5ce0b34c3564bc4de0c42b6fdbc265c4c0fcbbd568ac90f1be5970bb,Source
expression,80cd649d5ce0b34c3564bc4de0c42b6fdbc265c4c0fcbbd568ac90f1be5970bb,Source
command,80cd649d5ce0b34c3564bc4de0c42b6fdbc265c4c0fcbbd568ac90f1be5970bb,Source
agents,80cd649d5ce0b34c3564bc4de0c42b6fdbc265c4c0fcbbd568ac90f1be5970bb,Source
gear,80cd649d5ce0b34c3564bc4de0c42b6fdbc265c4c0fcbbd568ac90f1be5970bb,Source
voice,80cd649d5ce0b34c3564bc4de0c42b6fdbc265c4c0fcbbd568ac90f1be5970bb,Source
Martians,80cd649d5ce0b34c3564bc4de0c42b6fdbc265c4c0fcbbd568ac90f1be5970bb,Source
team,80cd649d5ce0b34c3564bc4de0c42b6fdbc265c4c0fcbbd568ac90f1be5970bb,Source
threshold,80cd649d5ce0b34c3564bc4de0c42b6fdbc265c4c0fcbbd568ac90f1be5970bb,Source
door,80cd649d5ce0b34c3564bc4de0c42b6fdbc265c4c0fcbbd568ac90f1be5970bb,Source
hallway,80cd649d5ce0b34c3564bc4de0c42b6fdbc265c4c0fcbbd568ac90f1be5970bb,Source
Agents,80cd649d5ce0b34c3564bc4de0c42b6fdbc265c4c0fcbbd568ac90f1be5970bb,Source
altar,80cd649d5ce0b34c3564bc4de0c42b6fdbc265c4c0fcbbd568ac90f1be5970bb,Source
pace,80cd649d5ce0b34c3564bc4de0c42b6fdbc265c4c0fcbbd568ac90f1be5970bb,Source
device,80cd649d5ce0b34c3564bc4de0c42b6fdbc265c4c0fcbbd568ac90f1be5970bb,Source
"A shudder ran through the elevator, subtle, but enough to make them instinctively hold their breaths.",80cd649d5ce0b34c3564bc4de0c42b6fdbc265c4c0fcbbd568ac90f1be5970bb,Source
It wasn't the mechanical stutter of old gears but a vibration that seemed to emanate from the very walls of the shaft—a whisper of something that defied natural explanation.,80cd649d5ce0b34c3564bc4de0c42b6fdbc265c4c0fcbbd568ac90f1be5970bb,Source
"Cruz was the first to react, all business despite the shadow that crossed their expression.",80cd649d5ce0b34c3564bc4de0c42b6fdbc265c4c0fcbbd568ac90f1be5970bb,Source
"They barked out, 'Systems check. Now,' masking the moment of disquiet with swift command.",80cd649d5ce0b34c3564bc4de0c42b6fdbc265c4c0fcbbd568ac90f1be5970bb,Source
"Every agent checked their gear, sending confirmation signals through their comms, creating a chorus of electronic beeps that promised readiness.",80cd649d5ce0b34c3564bc4de0c42b6fdbc265c4c0fcbbd568ac90f1be5970bb,Source
"But there was an unspoken question among them: was their technology, their weaponry, their protocols sufficient for what awaited them or merely a fragile comfort?",80cd649d5ce0b34c3564bc4de0c42b6fdbc265c4c0fcbbd568ac90f1be5970bb,Source
"Sam's voice crackled through, only half-jest, 'I'd laugh if we run into Martians playing poker down there—just to lighten the mood, you know?'",80cd649d5ce0b34c3564bc4de0c42b6fdbc265c4c0fcbbd568ac90f1be5970bb,Source
"Despite—or perhaps because of—the oddity of the moment, this elicited a round of chuckles, an audible release of tension that ran counterpoint to the undercurrent of anxiety coursing through the team.",80cd649d5ce0b34c3564bc4de0c42b6fdbc265c4c0fcbbd568ac90f1be5970bb,Source
"The elevator came to a halting, eerie calm at the sub-level.",80cd649d5ce0b34c3564bc4de0c42b6fdbc265c4c0fcbbd568ac90f1be5970bb,Source
"The group stepped off, finding themselves at the threshold of Dulce's mysterious halls.",80cd649d5ce0b34c3564bc4de0c42b6fdbc265c4c0fcbbd568ac90f1be5970bb,Source
"They stood in a tight pack, sharing a cautious glance before fanning out into the unknown, each one acutely aware that the truth was inevitably intertwined with danger.",80cd649d5ce0b34c3564bc4de0c42b6fdbc265c4c0fcbbd568ac90f1be5970bb,Source
"Into the depths of Dulce, the team advanced, their silence now a shared testament to the camaraderie born of facing the abyss together—and the steel resolve to uncover whatever horrors lay hidden in its shadows.",80cd649d5ce0b34c3564bc4de0c42b6fdbc265c4c0fcbbd568ac90f1be5970bb,Source
"The weight of the thick metal door closing behind them reverberated through the concrete hallway, marking the final threshold between the familiar world above and the strangeness that lay beneath.",80cd649d5ce0b34c3564bc4de0c42b6fdbc265c4c0fcbbd568ac90f1be5970bb,Source
"Dulce base, a name that had been whispered in the wind-blown deserts above and in the shadowed corners of conspiracy forums, now a tangible cold reality that they could touch — and that touched them back with a chill.",80cd649d5ce0b34c3564bc4de0c42b6fdbc265c4c0fcbbd568ac90f1be5970bb,Source
"Taylor Cruz, stepping firmly into the role of de facto leader, set a brisk pace.",80cd649d5ce0b34c3564bc4de0c42b6fdbc265c4c0fcbbd568ac90f1be5970bb,Source
"Eyes sharp, people. Comms check, every thirty seconds,' Taylor ordered, their voice echoing slightly before being swallowed by the surrounding silence.",80cd649d5ce0b34c3564bc4de0c42b6fdbc265c4c0fcbbd568ac90f1be5970bb,Source
"exchange was cut short by a shudder that ran through the elevator, subtle, but enough to make them instinctively hold their breaths.",80cd649d5ce0b34c3564bc4de0c42b6fdbc265c4c0fcbbd568ac90f1be5970bb,Source
the elevator,80cd649d5ce0b34c3564bc4de0c42b6fdbc265c4c0fcbbd568ac90f1be5970bb,Source
"Cruz was the first to react, all business despite the shadow that crossed their expression. 'Systems check. Now,' they barked out, masking the moment of disquiet with swift command.",80cd649d5ce0b34c3564bc4de0c42b6fdbc265c4c0fcbbd568ac90f1be5970bb,Source
the agents,80cd649d5ce0b34c3564bc4de0c42b6fdbc265c4c0fcbbd568ac90f1be5970bb,Source
their gear,80cd649d5ce0b34c3564bc4de0c42b6fdbc265c4c0fcbbd568ac90f1be5970bb,Source
their comms,80cd649d5ce0b34c3564bc4de0c42b6fdbc265c4c0fcbbd568ac90f1be5970bb,Source
"Sam's voice crackled through, only half-jest. 'I'd laugh if we run into Martians playing poker down there—just to lighten the mood, you know?'",80cd649d5ce0b34c3564bc4de0c42b6fdbc265c4c0fcbbd568ac90f1be5970bb,Source
"As the elevator came to a halting, eerie calm at the sub-level, the group stepped off, finding themselves at the threshold of Dulce's mysterious halls.",80cd649d5ce0b34c3564bc4de0c42b6fdbc265c4c0fcbbd568ac90f1be5970bb,Source
the group,80cd649d5ce0b34c3564bc4de0c42b6fdbc265c4c0fcbbd568ac90f1be5970bb,Source
Dulce's mysterious halls,80cd649d5ce0b34c3564bc4de0c42b6fdbc265c4c0fcbbd568ac90f1be5970bb,Source
the team,80cd649d5ce0b34c3564bc4de0c42b6fdbc265c4c0fcbbd568ac90f1be5970bb,Source
the thick metal door,80cd649d5ce0b34c3564bc4de0c42b6fdbc265c4c0fcbbd568ac90f1be5970bb,Source
the concrete hallway,80cd649d5ce0b34c3564bc4de0c42b6fdbc265c4c0fcbbd568ac90f1be5970bb,Source
"Like lambs led to an altar of alien deities, so did Agents Alex Mercer, Jordan Hayes, Taylor Cruz, and Sam Rivera proceed, their movements measured, their senses heightened.",80cd649d5ce0b34c3564bc4de0c42b6fdbc265c4c0fcbbd568ac90f1be5970bb,Source
Agents Alex Mercer,80cd649d5ce0b34c3564bc4de0c42b6fdbc265c4c0fcbbd568ac90f1be5970bb,Source
"The air was still, almost respectful of the gravity of their presence.",80cd649d5ce0b34c3564bc4de0c42b6fdbc265c4c0fcbbd568ac90f1be5970bb,Source
"Their torch beams sliced through the darkness, uncovering steel doors with warnings that spoke of top secrets and mortal dangers.",80cd649d5ce0b34c3564bc4de0c42b6fdbc265c4c0fcbbd568ac90f1be5970bb,Source
the steel doors,80cd649d5ce0b34c3564bc4de0c42b6fdbc265c4c0fcbbd568ac90f1be5970bb,Source
"Taylor Cruz, stepping firmly into the role of de facto leader, set a brisk pace. 'Eyes sharp, people. Comms check, every thirty seconds,' Taylor ordered, their voice echoing slightly before being swallowed by the surrounding silence.",80cd649d5ce0b34c3564bc4de0c42b6fdbc265c4c0fcbbd568ac90f1be5970bb,Source
"Sam, fiddling with a handheld device aimed at detecting electronic anomalies, offered a murmured 'Copy that,'",80cd649d5ce0b34c3564bc4de0c42b6fdbc265c4c0fcbbd568ac90f1be5970bb,Source
panel,8e8be50965a6f517c4b0027a9b09be8882062ef9b91f1311bd283ebabd9bf1b4,Source
base's infrastructure,8e8be50965a6f517c4b0027a9b09be8882062ef9b91f1311bd283ebabd9bf1b4,Source
significance,8e8be50965a6f517c4b0027a9b09be8882062ef9b91f1311bd283ebabd9bf1b4,Source
something,8e8be50965a6f517c4b0027a9b09be8882062ef9b91f1311bd283ebabd9bf1b4,Source
drone,8e8be50965a6f517c4b0027a9b09be8882062ef9b91f1311bd283ebabd9bf1b4,Source
sensors,8e8be50965a6f517c4b0027a9b09be8882062ef9b91f1311bd283ebabd9bf1b4,Source
central hub,8e8be50965a6f517c4b0027a9b09be8882062ef9b91f1311bd283ebabd9bf1b4,Source
imposing doors,8e8be50965a6f517c4b0027a9b09be8882062ef9b91f1311bd283ebabd9bf1b4,Source
doors,8e8be50965a6f517c4b0027a9b09be8882062ef9b91f1311bd283ebabd9bf1b4,Source
ajar,8e8be50965a6f517c4b0027a9b09be8882062ef9b91f1311bd283ebabd9bf1b4,Source
mainframe room,8e8be50965a6f517c4b0027a9b09be8882062ef9b91f1311bd283ebabd9bf1b4,Source
Their usual buoyancy dimmed by the oppressive atmosphere.,8e8be50965a6f517c4b0027a9b09be8882062ef9b91f1311bd283ebabd9bf1b4,Source
"It was Jordan Hayes who paused at an innocuous looking panel, nondescript amongst the gauntlet of secured doorways.",8e8be50965a6f517c4b0027a9b09be8882062ef9b91f1311bd283ebabd9bf1b4,Source
"Jordan Hayes who paused at an innocuous looking panel, nondescript amongst the gauntlet of secured doorways.",8e8be50965a6f517c4b0027a9b09be8882062ef9b91f1311bd283ebabd9bf1b4,Source
"Mercer, Rivera, come see this,' Jordan’s voice was marked with a rare hint of urgency.",8e8be50965a6f517c4b0027a9b09be8882062ef9b91f1311bd283ebabd9bf1b4,Source
"Alex joined Jordan's side, examining the panel which, at a mere glance, seemed just another part of the base's infrastructure.",8e8be50965a6f517c4b0027a9b09be8882062ef9b91f1311bd283ebabd9bf1b4,Source
"Yet, to the trained eye, it appeared out of place—a facade",8e8be50965a6f517c4b0027a9b09be8882062ef9b91f1311bd283ebabd9bf1b4,Source
"Jordan explained their reasoning as Sam approached, instinctively understanding the significance of what lay beneath, 'This panel is a recent addition — covering something they didn't want found.'",8e8be50965a6f517c4b0027a9b09be8882062ef9b91f1311bd283ebabd9bf1b4,Source
"Before Alex could respond, the soft whir of an approaching drone cut through their muffled exchange.",8e8be50965a6f517c4b0027a9b09be8882062ef9b91f1311bd283ebabd9bf1b4,Source
Taylor had looped back upon hearing the commotion.,8e8be50965a6f517c4b0027a9b09be8882062ef9b91f1311bd283ebabd9bf1b4,Source
"Cruz’s voice trailed off as the small airborne device came into view, its sensors locked onto the group.",8e8be50965a6f517c4b0027a9b09be8882062ef9b91f1311bd283ebabd9bf1b4,Source
"Sam was the first to react, their tech-savvy mind already steps ahead.",8e8be50965a6f517c4b0027a9b09be8882062ef9b91f1311bd283ebabd9bf1b4,Source
"The drone lingered, its scan seeming more curious than hostile.",8e8be50965a6f517c4b0027a9b09be8882062ef9b91f1311bd283ebabd9bf1b4,Source
"The crew exhaled, a moment of collective relief palpable in the air.",8e8be50965a6f517c4b0027a9b09be8882062ef9b91f1311bd283ebabd9bf1b4,Source
"Cruz squared their shoulders, clearly ruffled but not conceding any ground.",8e8be50965a6f517c4b0027a9b09be8882062ef9b91f1311bd283ebabd9bf1b4,Source
"‘Move out,’ they directed, a hint more forceful than before.",8e8be50965a6f517c4b0027a9b09be8882062ef9b91f1311bd283ebabd9bf1b4,Source
"The team pressed onward, the quiet now filled with the soft beeps of regular comms checks, their pace undeterred by the confrontation.",8e8be50965a6f517c4b0027a9b09be8882062ef9b91f1311bd283ebabd9bf1b4,Source
"Yet, every agent held a renewed sense of wariness, their trust in one another deepening with the knowledge that the base—its technology, its secrets—was alive in a way they hadn't fully anticipated.",8e8be50965a6f517c4b0027a9b09be8882062ef9b91f1311bd283ebabd9bf1b4,Source
"The imposing doors to the mainframe room stood ajar — an invitation or a trap, neither option comforting.",8e8be50965a6f517c4b0027a9b09be8882062ef9b91f1311bd283ebabd9bf1b4,Source
"Without a word, they fortified their resolve and stepped through the threshold,",8e8be50965a6f517c4b0027a9b09be8882062ef9b91f1311bd283ebabd9bf1b4,Source
"Without a word, they fortified their resolve and stepped through the threshold, where the dim glow of operational LED lights and the distant hum of machinery hinted at Dulce’s still-beating heart.",8e8be50965a6f517c4b0027a9b09be8882062ef9b91f1311bd283ebabd9bf1b4,Source
"Solemnly, yet unmistakably together, they moved deeper into the heart of the enigma, ready to unmask the lifeforce of Dulce base or confront whatever existential threat lay in wait.",8e8be50965a6f517c4b0027a9b09be8882062ef9b91f1311bd283ebabd9bf1b4,Source
Jordan Hayes paused at an innocuous looking panel,8e8be50965a6f517c4b0027a9b09be8882062ef9b91f1311bd283ebabd9bf1b4,Source
Rivera,8e8be50965a6f517c4b0027a9b09be8882062ef9b91f1311bd283ebabd9bf1b4,Source
"Alex joined Jordan's side, examining the panel",8e8be50965a6f517c4b0027a9b09be8882062ef9b91f1311bd283ebabd9bf1b4,Source
Jordan explained their reasoning as Sam approached,8e8be50965a6f517c4b0027a9b09be8882062ef9b91f1311bd283ebabd9bf1b4,Source
The soft whir of an approaching drone cut through their muffled exchange,8e8be50965a6f517c4b0027a9b09be8882062ef9b91f1311bd283ebabd9bf1b4,Source
"Sam was the first to react, their tech-savvy mind already steps ahead",8e8be50965a6f517c4b0027a9b09be8882062ef9b91f1311bd283ebabd9bf1b4,Source
"The drone lingered, its scan seeming more curious than hostile",8e8be50965a6f517c4b0027a9b09be8882062ef9b91f1311bd283ebabd9bf1b4,Source
the drone,8e8be50965a6f517c4b0027a9b09be8882062ef9b91f1311bd283ebabd9bf1b4,Source
"Cruz squared their shoulders, clearly ruffled but not conceding any ground",8e8be50965a6f517c4b0027a9b09be8882062ef9b91f1311bd283ebabd9bf1b4,Source
"The team pressed onward, the quiet now filled with the soft beeps of regular comms checks",8e8be50965a6f517c4b0027a9b09be8882062ef9b91f1311bd283ebabd9bf1b4,Source
"They converged upon a central hub, the imposing doors to the mainframe room stood ajar",8e8be50965a6f517c4b0027a9b09be8882062ef9b91f1311bd283ebabd9bf1b4,Source
They fortified their resolve and stepped through the threshold,8e8be50965a6f517c4b0027a9b09be8882062ef9b91f1311bd283ebabd9bf1b4,Source
"They moved deeper into the heart of the enigma, ready to unmask the lifeforce of Dulce base",8e8be50965a6f517c4b0027a9b09be8882062ef9b91f1311bd283ebabd9bf1b4,Source
alien technology,a3610ffa4a0b39dcea03fd37ff217b324e1f64e8a19c47f25fd3386611bc0c16,Source
physics,a3610ffa4a0b39dcea03fd37ff217b324e1f64e8a19c47f25fd3386611bc0c16,Source
translucent component,a3610ffa4a0b39dcea03fd37ff217b324e1f64e8a19c47f25fd3386611bc0c16,Source
Agent Alex Mercer's eyes,a3610ffa4a0b39dcea03fd37ff217b324e1f64e8a19c47f25fd3386611bc0c16,Source
Dr. Jordan Hayes and Agent Alex Mercer,a3610ffa4a0b39dcea03fd37ff217b324e1f64e8a19c47f25fd3386611bc0c16,Source
"The cooling vents hummed in a monotonous drone, but it was the crackle of the comms system coming to life that cut through the lab’s tension.",a3610ffa4a0b39dcea03fd37ff217b324e1f64e8a19c47f25fd3386611bc0c16,Source
The crackle of the comms system coming to life that cut through the lab’s tension.,a3610ffa4a0b39dcea03fd37ff217b324e1f64e8a19c47f25fd3386611bc0c16,Source
"Dr. Jordan Hayes hovered over a table arrayed with alien technology, their fingers delicately probing the enigmatic circuitry retrieved from the crash site.",a3610ffa4a0b39dcea03fd37ff217b324e1f64e8a19c47f25fd3386611bc0c16,Source
"Agent Alex Mercer watched, admiration blooming in silent solidarity for Jordan's deft touch and unspoken drive.",a3610ffa4a0b39dcea03fd37ff217b324e1f64e8a19c47f25fd3386611bc0c16,Source
"Jordan, always composed, only allowed the faintest furrow of concentration to mar their brow.",a3610ffa4a0b39dcea03fd37ff217b324e1f64e8a19c47f25fd3386611bc0c16,Source
"'What we understand about physics...' they muttered, trailing off as they realigned a translucent component.",a3610ffa4a0b39dcea03fd37ff217b324e1f64e8a19c47f25fd3386611bc0c16,Source
"The device emitted a low pulse, causing Jordan to still.",a3610ffa4a0b39dcea03fd37ff217b324e1f64e8a19c47f25fd3386611bc0c16,Source
'Could be fundamentally changed by this.',a3610ffa4a0b39dcea03fd37ff217b324e1f64e8a19c47f25fd3386611bc0c16,Source
A calculated risk—that's what this was.,a3610ffa4a0b39dcea03fd37ff217b324e1f64e8a19c47f25fd3386611bc0c16,Source
"And for a person of science, a gamble was worth the potential paradigm shift.",a3610ffa4a0b39dcea03fd37ff217b324e1f64e8a19c47f25fd3386611bc0c16,Source
"'I’ve been thinking,' Alex started, his eyes still fixed on the immediately tangible mystery before them.",a3610ffa4a0b39dcea03fd37ff217b324e1f64e8a19c47f25fd3386611bc0c16,Source
"About what’s at stake here. Not the mission parameters, but what this means for us—humanity.",a3610ffa4a0b39dcea03fd37ff217b324e1f64e8a19c47f25fd3386611bc0c16,Source
"Jordan glanced up, meeting his eyes just long enough to convey the shared enormity of their situation, the career-defining glory and existential dread entwined.",a3610ffa4a0b39dcea03fd37ff217b324e1f64e8a19c47f25fd3386611bc0c16,Source
'The quest for understanding always comes at a price. We're standing on the precipice of knowledge that could either elevate us or condemn us.',a3610ffa4a0b39dcea03fd37ff217b324e1f64e8a19c47f25fd3386611bc0c16,Source
The charged air between them spiked as Taylor Cruz’s brusque tones sliced through their reverie.,a3610ffa4a0b39dcea03fd37ff217b324e1f64e8a19c47f25fd3386611bc0c16,Source
"'Hayes, Mercer, this isn't philosophy hour. Focus on the task. We need actionable intel, not daydreams.'",a3610ffa4a0b39dcea03fd37ff217b324e1f64e8a19c47f25fd3386611bc0c16,Source
"With a sound of restrained acknowledgment, Jordan returned their gaze to the device, while Alex clenched his jaw, the buzz of frustration dull against the backdrop of Taylor's authoritarian certainty.",a3610ffa4a0b39dcea03fd37ff217b324e1f64e8a19c47f25fd3386611bc0c16,Source
"It was this competitive undercurrent that kept him alert, the sense that his and Jordan's shared commitment to discovery was an unspoken rebellion against Cruz's narrowing vision of control and order.",a3610ffa4a0b39dcea03fd37ff217b324e1f64e8a19c47f25fd3386611bc0c16,Source
Then Taylor did something unexpected.,a3610ffa4a0b39dcea03fd37ff217b324e1f64e8a19c47f25fd3386611bc0c16,Source
"They paused beside Jordan and, for a moment, observed the device with something akin to reverence.",a3610ffa4a0b39dcea03fd37ff217b324e1f64e8a19c47f25fd3386611bc0c16,Source
"'If this tech can be understood...' Taylor said, their voice quieter, 'It could change the game for us. For all of us.'",a3610ffa4a0b39dcea03fd37ff217b324e1f64e8a19c47f25fd3386611bc0c16,Source
"The underlying dismissal earlier seemed to falter, replaced by a glimpse of reluctant respect for the gravity of what lay in their hands.",a3610ffa4a0b39dcea03fd37ff217b324e1f64e8a19c47f25fd3386611bc0c16,Source
"Jordan looked up, and for a fleeting heartbeat, their eyes locked with Taylor's, a wordless clash of wills softening into an uneasy truce.",a3610ffa4a0b39dcea03fd37ff217b324e1f64e8a19c47f25fd3386611bc0c16,Source
It was a small transformation.,a3610ffa4a0b39dcea03fd37ff217b324e1f64e8a19c47f25fd3386611bc0c16,Source
The lab,a3610ffa4a0b39dcea03fd37ff217b324e1f64e8a19c47f25fd3386611bc0c16,Source
The comms system,a3610ffa4a0b39dcea03fd37ff217b324e1f64e8a19c47f25fd3386611bc0c16,Source
Alien technology,a3610ffa4a0b39dcea03fd37ff217b324e1f64e8a19c47f25fd3386611bc0c16,Source
The crash site,a3610ffa4a0b39dcea03fd37ff217b324e1f64e8a19c47f25fd3386611bc0c16,Source
The device,a3610ffa4a0b39dcea03fd37ff217b324e1f64e8a19c47f25fd3386611bc0c16,Source
"'About what’s at stake here. Not the mission parameters, but what this means for us—humanity.'",a3610ffa4a0b39dcea03fd37ff217b324e1f64e8a19c47f25fd3386611bc0c16,Source
inward nod,eca182df58480ee45be545ef72c0bde4da059be11ebd4af8f29ca3f6c0ee722c,Source
paths,eca182df58480ee45be545ef72c0bde4da059be11ebd4af8f29ca3f6c0ee722c,Source
here,eca182df58480ee45be545ef72c0bde4da059be11ebd4af8f29ca3f6c0ee722c,Source
duty,eca182df58480ee45be545ef72c0bde4da059be11ebd4af8f29ca3f6c0ee722c,Source
unknown,eca182df58480ee45be545ef72c0bde4da059be11ebd4af8f29ca3f6c0ee722c,Source
desires,eca182df58480ee45be545ef72c0bde4da059be11ebd4af8f29ca3f6c0ee722c,Source
anticipation,eca182df58480ee45be545ef72c0bde4da059be11ebd4af8f29ca3f6c0ee722c,Source
efforts,eca182df58480ee45be545ef72c0bde4da059be11ebd4af8f29ca3f6c0ee722c,Source
understanding,eca182df58480ee45be545ef72c0bde4da059be11ebd4af8f29ca3f6c0ee722c,Source
facts,eca182df58480ee45be545ef72c0bde4da059be11ebd4af8f29ca3f6c0ee722c,Source
truths,eca182df58480ee45be545ef72c0bde4da059be11ebd4af8f29ca3f6c0ee722c,Source
thought,eca182df58480ee45be545ef72c0bde4da059be11ebd4af8f29ca3f6c0ee722c,Source
files,eca182df58480ee45be545ef72c0bde4da059be11ebd4af8f29ca3f6c0ee722c,Source
curiosity,eca182df58480ee45be545ef72c0bde4da059be11ebd4af8f29ca3f6c0ee722c,Source
tone,eca182df58480ee45be545ef72c0bde4da059be11ebd4af8f29ca3f6c0ee722c,Source
space,eca182df58480ee45be545ef72c0bde4da059be11ebd4af8f29ca3f6c0ee722c,Source
expectation,eca182df58480ee45be545ef72c0bde4da059be11ebd4af8f29ca3f6c0ee722c,Source
shoulders,eca182df58480ee45be545ef72c0bde4da059be11ebd4af8f29ca3f6c0ee722c,Source
trust,eca182df58480ee45be545ef72c0bde4da059be11ebd4af8f29ca3f6c0ee722c,Source
patterns,eca182df58480ee45be545ef72c0bde4da059be11ebd4af8f29ca3f6c0ee722c,Source
off,eca182df58480ee45be545ef72c0bde4da059be11ebd4af8f29ca3f6c0ee722c,Source
anomaly,eca182df58480ee45be545ef72c0bde4da059be11ebd4af8f29ca3f6c0ee722c,Source
nothing,eca182df58480ee45be545ef72c0bde4da059be11ebd4af8f29ca3f6c0ee722c,Source
eyes,eca182df58480ee45be545ef72c0bde4da059be11ebd4af8f29ca3f6c0ee722c,Source
approval,eca182df58480ee45be545ef72c0bde4da059be11ebd4af8f29ca3f6c0ee722c,Source
intellect,eca182df58480ee45be545ef72c0bde4da059be11ebd4af8f29ca3f6c0ee722c,Source
uncertainty,eca182df58480ee45be545ef72c0bde4da059be11ebd4af8f29ca3f6c0ee722c,Source
arrival,eca182df58480ee45be545ef72c0bde4da059be11ebd4af8f29ca3f6c0ee722c,Source
gait,eca182df58480ee45be545ef72c0bde4da059be11ebd4af8f29ca3f6c0ee722c,Source
confidence,eca182df58480ee45be545ef72c0bde4da059be11ebd4af8f29ca3f6c0ee722c,Source
motives,eca182df58480ee45be545ef72c0bde4da059be11ebd4af8f29ca3f6c0ee722c,Source
footsteps,eca182df58480ee45be545ef72c0bde4da059be11ebd4af8f29ca3f6c0ee722c,Source
rhythm,eca182df58480ee45be545ef72c0bde4da059be11ebd4af8f29ca3f6c0ee722c,Source
link,eca182df58480ee45be545ef72c0bde4da059be11ebd4af8f29ca3f6c0ee722c,Source
mutuality,eca182df58480ee45be545ef72c0bde4da059be11ebd4af8f29ca3f6c0ee722c,Source
They had all been brought here by different paths and for different reasons.,eca182df58480ee45be545ef72c0bde4da059be11ebd4af8f29ca3f6c0ee722c,Source
"beneath the veneer of duty, the enticement of the vast unknown pulled them inexorably together",eca182df58480ee45be545ef72c0bde4da059be11ebd4af8f29ca3f6c0ee722c,Source
"They refocused their efforts, each movement sharpened by the knowledge that beyond understanding the unearthly artifacts, they might be piecing together the future of their species.",eca182df58480ee45be545ef72c0bde4da059be11ebd4af8f29ca3f6c0ee722c,Source
the blink of lights and whir of machinery,eca182df58480ee45be545ef72c0bde4da059be11ebd4af8f29ca3f6c0ee722c,Source
"the liminal space between the facts laid out and the hidden truths, sat Sam Rivera, his demeanor an artful balance of focus and a casual disguise of his razor-sharp talent with technology.",eca182df58480ee45be545ef72c0bde4da059be11ebd4af8f29ca3f6c0ee722c,Source
Amidst the sterility of the briefing room,eca182df58480ee45be545ef72c0bde4da059be11ebd4af8f29ca3f6c0ee722c,Source
"'You've been quiet, Sam,' Alex noted, catching the younger man's contemplative gaze.",eca182df58480ee45be545ef72c0bde4da059be11ebd4af8f29ca3f6c0ee722c,Source
"Sam nodded, recognizing the space afforded to him",eca182df58480ee45be545ef72c0bde4da059be11ebd4af8f29ca3f6c0ee722c,Source
"Sam nodded, recognizing the space afforded to him.",eca182df58480ee45be545ef72c0bde4da059be11ebd4af8f29ca3f6c0ee722c,Source
he couldn't help but feel the weight of expectation pressing upon his shoulders,eca182df58480ee45be545ef72c0bde4da059be11ebd4af8f29ca3f6c0ee722c,Source
Alex's eyes brightened with a subtle approval that crossed the distance like a silent nod.,eca182df58480ee45be545ef72c0bde4da059be11ebd4af8f29ca3f6c0ee722c,Source
"'Good. Keen eyes will keep us ahead—or at least not blindsided,' he said",eca182df58480ee45be545ef72c0bde4da059be11ebd4af8f29ca3f6c0ee722c,Source
"Taylor Cruz's abrupt arrival, his gait brimming with a robust confidence that veiled the sharp undercurrents of his striving nature.",eca182df58480ee45be545ef72c0bde4da059be11ebd4af8f29ca3f6c0ee722c,Source
"'Time to gear up. Dulce waits for no one,' Taylor announced",eca182df58480ee45be545ef72c0bde4da059be11ebd4af8f29ca3f6c0ee722c,Source
"As Sam and Alex nodded in unison, the icy chasm of hierarchy and cryptic protocols seemed momentarily to bridge over with an understanding—this mission was convergence, a nexus point that would challenge each of their motives and strength.",eca182df58480ee45be545ef72c0bde4da059be11ebd4af8f29ca3f6c0ee722c,Source
They filed out of the briefing room,eca182df58480ee45be545ef72c0bde4da059be11ebd4af8f29ca3f6c0ee722c,Source
"They filed out of the briefing room, their footsteps synchronized, a rhythm that spoke volumes of the unknown cadence they would soon march to within the base's veins.",eca182df58480ee45be545ef72c0bde4da059be11ebd4af8f29ca3f6c0ee722c,Source
"For Alex Mercer, the link with Sam Rivera, though distant, was now poised with a mutuality ready to face the unknown",eca182df58480ee45be545ef72c0bde4da059be11ebd4af8f29ca3f6c0ee722c,Source
"Sam Rivera sat in the briefing room, his demeanor an artful balance of focus and a casual disguise of his razor-sharp talent with technology.",eca182df58480ee45be545ef72c0bde4da059be11ebd4af8f29ca3f6c0ee722c,Source
"Alex Mercer lingered in thought, the mental cogs turning as each file on Dulce stirred more than curiosity—it beckoned to a past both honored and burdensome.",eca182df58480ee45be545ef72c0bde4da059be11ebd4af8f29ca3f6c0ee722c,Source
"Alex noted, catching the younger man's contemplative gaze, 'You've been quiet, Sam.'",eca182df58480ee45be545ef72c0bde4da059be11ebd4af8f29ca3f6c0ee722c,Source
"Sam nodded, recognizing the space afforded to him, and he couldn't help but feel the weight of expectation pressing upon his shoulders.",eca182df58480ee45be545ef72c0bde4da059be11ebd4af8f29ca3f6c0ee722c,Source
"Sam admitted, hesitant but driven, 'The patterns are... off.'",eca182df58480ee45be545ef72c0bde4da059be11ebd4af8f29ca3f6c0ee722c,Source
Taylor Cruz's abrupt arrival cut short their exchange.,eca182df58480ee45be545ef72c0bde4da059be11ebd4af8f29ca3f6c0ee722c,Source
"Taylor announced, his voice carrying an iron resolve, 'Time to gear up. Dulce waits for no one.'",eca182df58480ee45be545ef72c0bde4da059be11ebd4af8f29ca3f6c0ee722c,Source
Sam and Alex nodded in unison.,eca182df58480ee45be545ef72c0bde4da059be11ebd4af8f29ca3f6c0ee722c,Source
"They filed out of the briefing room, their footsteps synchronized.",eca182df58480ee45be545ef72c0bde4da059be11ebd4af8f29ca3f6c0ee722c,Source
initiative,9f47d2a83c42583bc8a2dde60a75cf112e4a3c8f73d73cbf725504cf314f55ca,Source
they,9f47d2a83c42583bc8a2dde60a75cf112e4a3c8f73d73cbf725504cf314f55ca,Source
alone,9f47d2a83c42583bc8a2dde60a75cf112e4a3c8f73d73cbf725504cf314f55ca,Source
joined,9f47d2a83c42583bc8a2dde60a75cf112e4a3c8f73d73cbf725504cf314f55ca,Source
embrace,9f47d2a83c42583bc8a2dde60a75cf112e4a3c8f73d73cbf725504cf314f55ca,Source
"The initiative pulsed like a heartbeat, anticipation thinly veiled behind a mask of duty.",9f47d2a83c42583bc8a2dde60a75cf112e4a3c8f73d73cbf725504cf314f55ca,Source
Taylor Cruz was to be tested.,9f47d2a83c42583bc8a2dde60a75cf112e4a3c8f73d73cbf725504cf314f55ca,Source
They were each alone yet irrevocably joined.,9f47d2a83c42583bc8a2dde60a75cf112e4a3c8f73d73cbf725504cf314f55ca,Source
They were stepping closer towards the volatile embrace of Operation: Dulce.,9f47d2a83c42583bc8a2dde60a75cf112e4a3c8f73d73cbf725504cf314f55ca,Source
Taylor Cruz felt the initiative like a heartbeat,9f47d2a83c42583bc8a2dde60a75cf112e4a3c8f73d73cbf725504cf314f55ca,Source
Anticipation was thinly veiled behind a mask of duty,9f47d2a83c42583bc8a2dde60a75cf112e4a3c8f73d73cbf725504cf314f55ca,Source
Anticipation,9f47d2a83c42583bc8a2dde60a75cf112e4a3c8f73d73cbf725504cf314f55ca,Source
They were each alone yet irrevocably joined,9f47d2a83c42583bc8a2dde60a75cf112e4a3c8f73d73cbf725504cf314f55ca,Source
They,9f47d2a83c42583bc8a2dde60a75cf112e4a3c8f73d73cbf725504cf314f55ca,Source
They were stepping closer towards the volatile embrace of Operation: Dulce,9f47d2a83c42583bc8a2dde60a75cf112e4a3c8f73d73cbf725504cf314f55ca,Source
