:START_ID,:END_ID,relation,concepts,synsets,:TYPE
Alex Mercer,dwarfed,was,[],[],Relation
Taylor Cruz,attention,demanded,[],[],Relation
Alex Mercer,compliance,offered,[],[],Relation
Jordan Hayes,support,offered,[],[],Relation
Sam Rivera,information,added,[],[],Relation
Taylor Cruz,Alex Mercer,reprimanded,[],[],Relation
Alex Mercer,protocol,aligned,[],[],Relation
Jordan Hayes,Alex Mercer's struggle,understood,[],[],Relation
Alex Mercer,determination,formed,[],[],Relation
The thrumming of monitors cast a stark contrast to the rigid silence enveloping the group.,"Agent Alex Mercer, unfailingly determined on paper, seemed dwarfed by the enormity of the sterile briefing room where Paranormal Military Squad's elite convened.",before,[],[],Relation
"Agent Alex Mercer, unfailingly determined on paper, seemed dwarfed by the enormity of the sterile briefing room where Paranormal Military Squad's elite convened.","With dulled eyes, he scanned the projectors outlining their impending odyssey into Operation: Dulce.",at the same time,[],[],Relation
"It was Taylor Cruz’s voice, laced with an edge that demanded attention.","Alex flickered a strained smile, still thumbing his folder's corner.",because,[],[],Relation
"Alex flickered a strained smile, still thumbing his folder's corner.","The compliance in his tone was unsettling, even to himself.",because,[],[],Relation
"Jordan Hayes, perched on the opposite side of the table, narrowed their eyes but offered a supportive nod.","'Details are imperative. We’ll need your clear-headedness down there, Mercer.'",at the same time,[],[],Relation
"'Details are imperative. We’ll need your clear-headedness down there, Mercer.'","A comfortable silence, the kind that threaded between veterans of shared secrets, lingered briefly before Sam Rivera, never one to submit to quiet, added, 'I’ve combed through the last transmission logs. If anyone can make sense of the anomalies, it’s going to be the two of you.'",because,[],[],Relation
"A comfortable silence, the kind that threaded between veterans of shared secrets, lingered briefly before Sam Rivera, never one to submit to quiet, added, 'I’ve combed through the last transmission logs. If anyone can make sense of the anomalies, it’s going to be the two of you.'","Taylor snorted dismissively. 'Focus, people. We have protocols for a reason. Speculation is counter-productive.'",because,[],[],Relation
"Taylor snorted dismissively. 'Focus, people. We have protocols for a reason. Speculation is counter-productive.'","The words 'counter-productive' seemed to hang in the air, a tacit reprimand directed at Alex.",because,[],[],Relation
"Feeling the weight of his compliance conflicting with his natural inclination to leave no stone unturned, Alex straightened in his seat.","It was an affirmation, but beneath it lay layers of unspoken complexities that would undoubtedly unwind with time.",because,[],[],Relation
"Alex's submission, though seemingly complete, didn't escape Jordan, who tilted their head ever so slightly, their eyes revealing a spark of understanding.",They knew well enough the struggle of aligning personal convictions with overarching missions.,because,[],[],Relation
"As everyone began to collect their binders and prepare for departure, a quiet resolve took form within Alex, galvanized by the groundwork laid by their interactions.","He may have spoken in compliance, but his determination had merely taken a subtler form — one that wouldn't surrender so easily to the forthcoming shadows.",as a result,[],[],Relation
The thrumming of monitors cast a stark contrast to the rigid silence enveloping the group.,monitors,is participated by,[],[],Relation
The thrumming of monitors cast a stark contrast to the rigid silence enveloping the group.,group,is participated by,[],[],Relation
"Agent Alex Mercer, unfailingly determined on paper, seemed dwarfed by the enormity of the sterile briefing room where Paranormal Military Squad's elite convened.",Agent Alex Mercer,is participated by,[],[],Relation
"Agent Alex Mercer, unfailingly determined on paper, seemed dwarfed by the enormity of the sterile briefing room where Paranormal Military Squad's elite convened.",briefing room,is participated by,[],[],Relation
"Agent Alex Mercer, unfailingly determined on paper, seemed dwarfed by the enormity of the sterile briefing room where Paranormal Military Squad's elite convened.",Paranormal Military Squad,is participated by,[],[],Relation
"With dulled eyes, he scanned the projectors outlining their impending odyssey into Operation: Dulce.",Agent Alex Mercer,is participated by,[],[],Relation
"With dulled eyes, he scanned the projectors outlining their impending odyssey into Operation: Dulce.",projectors,is participated by,[],[],Relation
"With dulled eyes, he scanned the projectors outlining their impending odyssey into Operation: Dulce.",Operation: Dulce,is participated by,[],[],Relation
"It was Taylor Cruz’s voice, laced with an edge that demanded attention.",Taylor Cruz,is participated by,[],[],Relation
"Alex flickered a strained smile, still thumbing his folder's corner.",Agent Alex Mercer,is participated by,[],[],Relation
"'Of course not, Agent Cruz. Just trying to soak in all the details.'",Agent Alex Mercer,is participated by,[],[],Relation
"'Of course not, Agent Cruz. Just trying to soak in all the details.'",Agent Cruz,is participated by,[],[],Relation
"Jordan Hayes, perched on the opposite side of the table, narrowed their eyes but offered a supportive nod.",Jordan Hayes,is participated by,[],[],Relation
"'Details are imperative. We’ll need your clear-headedness down there, Mercer.'",Jordan Hayes,is participated by,[],[],Relation
"'Details are imperative. We’ll need your clear-headedness down there, Mercer.'",Agent Alex Mercer,is participated by,[],[],Relation
"A comfortable silence, the kind that threaded between veterans of shared secrets, lingered briefly.",group,is participated by,[],[],Relation
"Sam Rivera, never one to submit to quiet, added, 'I’ve combed through the last transmission logs. If anyone can make sense of the anomalies, it’s going to be the two of you.'",Sam Rivera,is participated by,[],[],Relation
"Sam Rivera, never one to submit to quiet, added, 'I’ve combed through the last transmission logs. If anyone can make sense of the anomalies, it’s going to be the two of you.'",Agent Alex Mercer,is participated by,[],[],Relation
"Sam Rivera, never one to submit to quiet, added, 'I’ve combed through the last transmission logs. If anyone can make sense of the anomalies, it’s going to be the two of you.'",Taylor Cruz,is participated by,[],[],Relation
Taylor snorted dismissively.,Taylor Cruz,is participated by,[],[],Relation
"'Focus, people. We have protocols for a reason. Speculation is counter-productive.'",Taylor Cruz,is participated by,[],[],Relation
"The words 'counter-productive' seemed to hang in the air, a tacit reprimand directed at Alex.",Taylor Cruz,is participated by,[],[],Relation
"The words 'counter-productive' seemed to hang in the air, a tacit reprimand directed at Alex.",Agent Alex Mercer,is participated by,[],[],Relation
"Feeling the weight of his compliance conflicting with his natural inclination to leave no stone unturned, Alex straightened in his seat.",Agent Alex Mercer,is participated by,[],[],Relation
"'I agree, Agent Cruz. Protocol is paramount,' he said, meeting Taylor's steely gaze.",Agent Alex Mercer,is participated by,[],[],Relation
"'I agree, Agent Cruz. Protocol is paramount,' he said, meeting Taylor's steely gaze.",Agent Cruz,is participated by,[],[],Relation
"'I agree, Agent Cruz. Protocol is paramount,' he said, meeting Taylor's steely gaze.",Taylor Cruz,is participated by,[],[],Relation
"It was an affirmation, but beneath it lay layers of unspoken complexities that would undoubtedly unwind with time.",Agent Alex Mercer,is participated by,[],[],Relation
"Alex's submission, though seemingly complete, didn't escape Jordan, who tilted their head ever so slightly, their eyes revealing a spark of understanding.",Agent Alex Mercer,is participated by,[],[],Relation
"Alex's submission, though seemingly complete, didn't escape Jordan, who tilted their head ever so slightly, their eyes revealing a spark of understanding.",Jordan Hayes,is participated by,[],[],Relation
They knew well enough the struggle of aligning personal convictions with overarching missions.,Jordan Hayes,is participated by,[],[],Relation
"As everyone began to collect their binders and prepare for departure, a quiet resolve took form within Alex, galvanized by the groundwork laid by their interactions.",Agent Alex Mercer,is participated by,[],[],Relation
"As everyone began to collect their binders and prepare for departure, a quiet resolve took form within Alex, galvanized by the groundwork laid by their interactions.",group,is participated by,[],[],Relation
"He may have spoken in compliance, but his determination had merely taken a subtler form — one that wouldn't surrender so easily to the forthcoming shadows.",Agent Alex Mercer,is participated by,[],[],Relation
Agent Alex Mercer,dwarfed,seemed,[],[],Relation
Agent Alex Mercer,projectors,scanned,[],[],Relation
Taylor Cruz,Agent Mercer,asked,[],[],Relation
Agent Alex Mercer,Agent Cruz,said,[],[],Relation
Jordan Hayes,supportive nod,offered,[],[],Relation
Sam Rivera,transmission logs,added,[],[],Relation
Taylor Cruz,protocols,said,[],[],Relation
Jordan Hayes,struggle,knew,[],[],Relation
Agent Alex Mercer,compliance,felt,[],[],Relation
Jordan Hayes,spark,saw,[],[],Relation
Agent Alex Mercer,resolve,formed,[],[],Relation
The thrumming of monitors cast a stark contrast to the rigid silence enveloping the group.,"Agent Alex Mercer, unfailingly determined on paper, seemed dwarfed by the enormity of the sterile briefing room where Paranormal Military Squad's elite convened.",at the same time,[],[],Relation
The thrumming of monitors cast a stark contrast to the rigid silence enveloping the group.,"With dulled eyes, he scanned the projectors outlining their impending odyssey into Operation: Dulce.",at the same time,[],[],Relation
"It was Taylor Cruz’s voice, laced with an edge that demanded attention.","Alex flickered a strained smile, still thumbing his folder's corner.",because,[],[],Relation
"Alex flickered a strained smile, still thumbing his folder's corner.","'Of course not, Agent Cruz. Just trying to soak in all the details.'",because,[],[],Relation
"Jordan Hayes, perched on the opposite side of the table, narrowed their eyes but offered a supportive nod.","'Details are imperative. We’ll need your clear-headedness down there, Mercer.'",because,[],[],Relation
"A comfortable silence, the kind that threaded between veterans of shared secrets, lingered briefly before Sam Rivera, never one to submit to quiet, added,","'I’ve combed through the last transmission logs. If anyone can make sense of the anomalies, it’s going to be the two of you.'",before,[],[],Relation
Taylor snorted dismissively.,"The words 'counter-productive' seemed to hang in the air, a tacit reprimand directed at Alex.",because,[],[],Relation
"Feeling the weight of his compliance conflicting with his natural inclination to leave no stone unturned, Alex straightened in his seat.","'I agree, Agent Cruz. Protocol is paramount,' he said, meeting Taylor's steely gaze.",because,[],[],Relation
"Jordan Hayes, perched on the opposite side of the table, narrowed their eyes but offered a supportive nod.","As everyone began to collect their binders and prepare for departure, a quiet resolve took form within Alex, galvanized by the groundwork laid by their interactions.",because,[],[],Relation
"He may have spoken in compliance, but his determination had merely taken a subtler form — one that wouldn't surrender so easily to the forthcoming shadows.","Feeling the weight of his compliance conflicting with his natural inclination to leave no stone unturned, Alex straightened in his seat.",as a result,[],[],Relation
Agent Alex Mercer seemed dwarfed by the enormity of the sterile briefing room where Paranormal Military Squad's elite convened.,Agent Alex Mercer,is participated by,[],[],Relation
Agent Alex Mercer seemed dwarfed by the enormity of the sterile briefing room where Paranormal Military Squad's elite convened.,Paranormal Military Squad's elite,is participated by,[],[],Relation
Taylor Cruz asked Agent Mercer if he was having second thoughts.,Taylor Cruz,is participated by,[],[],Relation
Taylor Cruz asked Agent Mercer if he was having second thoughts.,Agent Alex Mercer,is participated by,[],[],Relation
Alex flickered a strained smile and replied that he was not having second thoughts.,Agent Alex Mercer,is participated by,[],[],Relation
Jordan Hayes offered a supportive nod to Alex.,Jordan Hayes,is participated by,[],[],Relation
Jordan Hayes offered a supportive nod to Alex.,Agent Alex Mercer,is participated by,[],[],Relation
Sam Rivera added that Alex and Jordan were going to make sense of the anomalies.,Sam Rivera,is participated by,[],[],Relation
Sam Rivera added that Alex and Jordan were going to make sense of the anomalies.,Agent Alex Mercer,is participated by,[],[],Relation
Sam Rivera added that Alex and Jordan were going to make sense of the anomalies.,Jordan Hayes,is participated by,[],[],Relation
Taylor Cruz reprimanded the team for speculation.,Taylor Cruz,is participated by,[],[],Relation
Alex agreed with Taylor Cruz that protocol was paramount.,Agent Alex Mercer,is participated by,[],[],Relation
Alex agreed with Taylor Cruz that protocol was paramount.,Taylor Cruz,is participated by,[],[],Relation
Jordan Hayes showed understanding of Alex's struggle with compliance.,Jordan Hayes,is participated by,[],[],Relation
Jordan Hayes showed understanding of Alex's struggle with compliance.,Agent Alex Mercer,is participated by,[],[],Relation
The team began to collect their binders and prepare for departure.,Paranormal Military Squad's elite,is participated by,[],[],Relation
Sam Rivera,office,sat,[],[],Relation
Sam Rivera,servers,worked,[],[],Relation
Sam Rivera,comm signals,intercepted,[],[],Relation
Sam Rivera,data,hungered,[],[],Relation
Alex Mercer,office,arrived,[],[],Relation
Alex Mercer,workspace,loomed,[],[],Relation
Alex Mercer,neck,craned,[],[],Relation
Alex Mercer,brow,met,[],[],Relation
Alex Mercer,words,hesitated,[],[],Relation
Alex Mercer,words,weighed,[],[],Relation
Alex Mercer,digital haze,pierced,[],[],Relation
Sam Rivera,Alex Mercer,regarded,[],[],Relation
Sam Rivera,intuition,mirrored,[],[],Relation
Sam Rivera,screens,drifted,[],[],Relation
Alex Mercer,elevator,stood,[],[],Relation
Jordan Hayes,Mercer,remarked,[],[],Relation
Jordan Hayes,Mercer,approached,[],[],Relation
"Sam Rivera sat alone in a cramped office, the hum of a dozen servers murmuring a digital lullaby in the background.","The stillness of the room broke with the unexpected arrival of Alex Mercer, whose encroaching shadow loomed over Sam's workspace.",before,[],[],Relation
"Sam Rivera sat alone in a cramped office, the hum of a dozen servers murmuring a digital lullaby in the background.","Surrounded by the glow of multiple screens, their eyes danced across lines of code and intercepted comm signals from Dulce — a kaleidoscope of data that their curious and isolated mind hungered to decrypt.",at the same time,[],[],Relation
"To an outsider, it might have looked like obsession, this fervent quest for answers.","Sam, it was a dance — a give and take with the mysteries of the universe.",because,[],[],Relation
"The stillness of the room broke with the unexpected arrival of Alex Mercer, whose encroaching shadow loomed over Sam's workspace.","Alex Mercer, whose encroaching shadow loomed over Sam's workspace.",because,[],[],Relation
"The stillness of the room broke with the unexpected arrival of Alex Mercer, whose encroaching shadow loomed over Sam's workspace.","Their fingers paused over the keyboard as they leaned back in the chair, whispering to thin air, 'What secrets are you hiding from us?'",after,[],[],Relation
"Alex hesitated, weighing his words carefully.","The cybersecurity expert craned their neck upwards, met by the ever-so-slight furrow in Alex's brow.",because,[],[],Relation
"Alex hesitated, weighing his words carefully.","'Our tech is top-tier, but the silence from Dulce... It's not just technology that will see us through, it's intuition and... trust.'",because,[],[],Relation
"Alex hesitated, weighing his words carefully.","His gaze pierced through the digital haze, trying to instill something more profound than advice.",as a result,[],[],Relation
"Sam regarded Alex for a moment, the sincerity in his voice resonating with their own unspoken desire to prove their worth.",The sincerity in his voice resonating with their own unspoken desire to prove their worth.,because,[],[],Relation
"As Alex turned to leave, Sam's eyes drifted back to the screens, now seeing them not as barriers to isolate behind, but as windows into the vast and enigmatic challenge that awaited their team.","Their shared silence held a newfound understanding, a recognition that between the ones and zeros, it was their combined human insights that might prevail against the impossible.",after,[],[],Relation
"Outside the office, the persistent buzz of activity in the facility belied the unease that gripped its inhabitants.","A restlessness that nibbled on the edges of reality, as though forewarning of the threshold they were soon to cross — from the known into the realm of cosmic secrets and silent threats.",at the same time,[],[],Relation
"Shadows played against the walls of the cramped underground meeting room, where Alex Mercer stood gazing at the concealed elevator that would deliver them into the bowels of Dulce base.","The air was thick, every breath laced with the weight of impending confrontation, the kind one feels when stepping into a legend.",at the same time,[],[],Relation
Alex Mercer stood gazing at the concealed elevator that would deliver them into the bowels of Dulce base.,"Jordan Hayes remarked, approaching Mercer.",before,[],[],Relation
"Sam Rivera sat alone in a cramped office, the hum of a dozen servers murmuring a digital lullaby in the background.",Sam Rivera,is participated by,[],[],Relation
"Surrounded by the glow of multiple screens, their eyes danced across lines of code and intercepted comm signals from Dulce — a kaleidoscope of data that their curious and isolated mind hungered to decrypt.",Sam Rivera,is participated by,[],[],Relation
"Surrounded by the glow of multiple screens, their eyes danced across lines of code and intercepted comm signals from Dulce — a kaleidoscope of data that their curious and isolated mind hungered to decrypt.",Dulce,is participated by,[],[],Relation
"The stillness of the room broke with the unexpected arrival of Alex Mercer, whose encroaching shadow loomed over Sam's workspace.",Alex Mercer,is participated by,[],[],Relation
"The stillness of the room broke with the unexpected arrival of Alex Mercer, whose encroaching shadow loomed over Sam's workspace.",Sam Rivera,is participated by,[],[],Relation
"Alex hesitated, weighing his words carefully. 'Our tech is top-tier, but the silence from Dulce... It's not just technology that will see us through, it's intuition and... trust.'",Alex Mercer,is participated by,[],[],Relation
"Alex hesitated, weighing his words carefully. 'Our tech is top-tier, but the silence from Dulce... It's not just technology that will see us through, it's intuition and... trust.'",Dulce,is participated by,[],[],Relation
"Their shared silence held a newfound understanding, a recognition that between the ones and zeros, it was their combined human insights that might prevail against the impossible.",Sam Rivera,is participated by,[],[],Relation
"Their shared silence held a newfound understanding, a recognition that between the ones and zeros, it was their combined human insights that might prevail against the impossible.",Alex Mercer,is participated by,[],[],Relation
"As Alex turned to leave, Sam's eyes drifted back to the screens, now seeing them not as barriers to isolate behind, but as windows into the vast and enigmatic challenge that awaited their team.",Sam Rivera,is participated by,[],[],Relation
"As Alex turned to leave, Sam's eyes drifted back to the screens, now seeing them not as barriers to isolate behind, but as windows into the vast and enigmatic challenge that awaited their team.",Alex Mercer,is participated by,[],[],Relation
"Outside the office, the persistent buzz of activity in the facility belied the unease that gripped its inhabitants.",facility inhabitants,is participated by,[],[],Relation
"Shadows played against the walls of the cramped underground meeting room, where Alex Mercer stood gazing at the concealed elevator that would deliver them into the bowels of Dulce base.",Alex Mercer,is participated by,[],[],Relation
"Shadows played against the walls of the cramped underground meeting room, where Alex Mercer stood gazing at the concealed elevator that would deliver them into the bowels of Dulce base.",Dulce base,is participated by,[],[],Relation
"The air was thick, every breath laced with the weight of impending confrontation, the kind one feels when stepping into a legend.",Alex Mercer,is participated by,[],[],Relation
"The air was thick, every breath laced with the weight of impending confrontation, the kind one feels when stepping into a legend.",Dulce base,is participated by,[],[],Relation
"'I know what you're thinking,' Jordan Hayes remarked, approaching Mercer. Their voice was low, a blend of confidence and hidden apprehension.",Jordan Hayes,is participated by,[],[],Relation
"'I know what you're thinking,' Jordan Hayes remarked, approaching Mercer. Their voice was low, a blend of confidence and hidden apprehension.",Alex Mercer,is participated by,[],[],Relation
Alex,features,turned,[],[],Relation
features,mask,became,[],[],Relation
Alex,mission,said,[],[],Relation
mission,pawns,felt,[],[],Relation
Jordan,mind,nodded,[],[],Relation
mind,dynamics,collided,[],[],Relation
Taylor,exchange,interrupted,[],[],Relation
Alex,Cruz,responded,[],[],Relation
Cruz,exchange,stepped,[],[],Relation
Alex,rifle,gripped,[],[],Relation
Sam,luck,spoke,[],[],Relation
luck,help,seemed,[],[],Relation
Jordan,data,mused,[],[],Relation
data,below,waited,[],[],Relation
Alex,Jordan,whispered,[],[],Relation
Jordan,compliment,acknowledged,[],[],Relation
"Alex turned, his features a mask of uneasy resolve.","'It's like we're being pulled into someone else’s game. Not just observers or participants, but... pawns.'",because,[],[],Relation
"'It's like we're being pulled into someone else’s game. Not just observers or participants, but... pawns.'","Jordan gave a short nod, their analytical mind colliding with the uncertain dynamics of this operation.",because,[],[],Relation
"Jordan gave a short nod, their analytical mind colliding with the uncertain dynamics of this operation.","'I've felt that way since the briefing. Like there's a layer we’re not seeing. And yet, we have no choice but to play along.'",and,[],[],Relation
"'You two need to cut the philosophical chatter. We have positions to secure,' Taylor Cruz interjected sharply, stepping into their exchange.","Alex's response was measured, more assertive than moments ago.",after,[],[],Relation
"Alex's response was measured, more assertive than moments ago.","'Acknowledged, Agent Cruz,' he replied, his voice steadier, mirroring the transformation brewing within.",because,[],[],Relation
"'You two need to cut the philosophical chatter. We have positions to secure,' Taylor Cruz interjected sharply, stepping into their exchange.","Sam Rivera piped in with a tone of balanced levity, 'Hope everyone’s brought their good luck charms. Something tells me we’re going to need all the help we can get.'",at the same time,[],[],Relation
"As they congregated at the elevator, a tension palpable, Sam Rivera piped in with a tone of balanced levity, 'Hope everyone’s brought their good luck charms. Something tells me we’re going to need all the help we can get.'","Their laughter served as a brief respite from the gravity of their mission, a shared moment that reinforced their common humanity amidst the unknowable.",as a result,[],[],Relation
"As they congregated at the elevator, a tension palpable, Sam Rivera piped in with a tone of balanced levity, 'Hope everyone’s brought their good luck charms. Something tells me we’re going to need all the help we can get.'","The team was descending into the earth, carrying with them not only the weight of their equipment but also the silent pressure of the invisible war they were about to fight—a war that seemed to edge away from physicality and into the unnervingly psychological.",at the same time,[],[],Relation
"As they descended, Dr. Jordan Hayes couldn't help but muse over the layers of data that could wait below, now almost longing for the comfort of empirical evidence.","To think that this reluctance to accept other possibilities may have been my biggest blind spot, Jordan contemplated, feeling the hard shell of skepticism begin to crack.",because,[],[],Relation
"Alex caught Jordan's reflective gaze and leaned in, his voice barely a murmur over the hum of the elevator.","Once we're down there, keep that analytical edge sharp. You see through the mazes of the unexplained better than anyone.",because,[],[],Relation
"Alex caught Jordan's reflective gaze and leaned in, his voice barely a murmur over the hum of the elevator.","Jordan said, the words carrying a trace of newfound assertiveness.",as a result,[],[],Relation
"Alex turned, his features a mask of uneasy resolve.",Alex,is participated by,[],[],Relation
"Jordan gave a short nod, their analytical mind colliding with the uncertain dynamics of this operation.",Jordan,is participated by,[],[],Relation
"Their eyes locked with Alex's, silently exchanging a vow to remain vigilant.",Alex,is participated by,[],[],Relation
"Their eyes locked with Alex's, silently exchanging a vow to remain vigilant.",Jordan,is participated by,[],[],Relation
"Taylor Cruz interjected sharply, stepping into their exchange.",Taylor Cruz,is participated by,[],[],Relation
"Alex's response was measured, more assertive than moments ago.",Alex,is participated by,[],[],Relation
"Sam Rivera piped in with a tone of balanced levity, 'Hope everyone’s brought their good luck charms.'",Sam Rivera,is participated by,[],[],Relation
Their laughter served as a brief respite from the gravity of their mission.,Alex,is participated by,[],[],Relation
Their laughter served as a brief respite from the gravity of their mission.,Jordan,is participated by,[],[],Relation
Their laughter served as a brief respite from the gravity of their mission.,Taylor Cruz,is participated by,[],[],Relation
Their laughter served as a brief respite from the gravity of their mission.,Sam Rivera,is participated by,[],[],Relation
"The team was descending into the earth, carrying with them not only the weight of their equipment but also the silent pressure of the invisible war they were about to fight—a war that seemed to edge away from physicality and into the unnervingly psychological.",Alex,is participated by,[],[],Relation
"The team was descending into the earth, carrying with them not only the weight of their equipment but also the silent pressure of the invisible war they were about to fight—a war that seemed to edge away from physicality and into the unnervingly psychological.",Jordan,is participated by,[],[],Relation
"The team was descending into the earth, carrying with them not only the weight of their equipment but also the silent pressure of the invisible war they were about to fight—a war that seemed to edge away from physicality and into the unnervingly psychological.",Taylor Cruz,is participated by,[],[],Relation
"The team was descending into the earth, carrying with them not only the weight of their equipment but also the silent pressure of the invisible war they were about to fight—a war that seemed to edge away from physicality and into the unnervingly psychological.",Sam Rivera,is participated by,[],[],Relation
Dr. Jordan Hayes couldn't help but muse over the layers of data that could wait below.,Dr. Jordan Hayes,is participated by,[],[],Relation
"Alex caught Jordan's reflective gaze and leaned in, his voice barely a murmur over the hum of the elevator.",Alex,is participated by,[],[],Relation
"Alex caught Jordan's reflective gaze and leaned in, his voice barely a murmur over the hum of the elevator.",Dr. Jordan Hayes,is participated by,[],[],Relation
The compliment was unexpected and weighed differently than praise from others.,Alex,is participated by,[],[],Relation
The compliment was unexpected and weighed differently than praise from others.,Dr. Jordan Hayes,is participated by,[],[],Relation
elevator,shudder,ran,[],[],Relation
Cruz,expression,reacted,[],[],Relation
Cruz,command,barked,[],[],Relation
agents,gear,checked,[],[],Relation
Sam,voice,crackled,[],[],Relation
Sam,Martians,laughed,[],[],Relation
team,threshold,stepped,[],[],Relation
team,Dulce,advanced,[],[],Relation
door,hallway,closed,[],[],Relation
Agents,altar,proceeded,[],[],Relation
Cruz,pace,set,[],[],Relation
Sam,device,offered,[],[],Relation
"A shudder ran through the elevator, subtle, but enough to make them instinctively hold their breaths.",It wasn't the mechanical stutter of old gears but a vibration that seemed to emanate from the very walls of the shaft—a whisper of something that defied natural explanation.,because,[],[],Relation
It wasn't the mechanical stutter of old gears but a vibration that seemed to emanate from the very walls of the shaft—a whisper of something that defied natural explanation.,"Cruz was the first to react, all business despite the shadow that crossed their expression.",before,[],[],Relation
"Cruz was the first to react, all business despite the shadow that crossed their expression.","They barked out, 'Systems check. Now,' masking the moment of disquiet with swift command.",at the same time,[],[],Relation
"Every agent checked their gear, sending confirmation signals through their comms, creating a chorus of electronic beeps that promised readiness.","But there was an unspoken question among them: was their technology, their weaponry, their protocols sufficient for what awaited them or merely a fragile comfort?",as a result,[],[],Relation
"Sam's voice crackled through, only half-jest, 'I'd laugh if we run into Martians playing poker down there—just to lighten the mood, you know?'","Despite—or perhaps because of—the oddity of the moment, this elicited a round of chuckles, an audible release of tension that ran counterpoint to the undercurrent of anxiety coursing through the team.",after,[],[],Relation
"The elevator came to a halting, eerie calm at the sub-level.","The group stepped off, finding themselves at the threshold of Dulce's mysterious halls.",before,[],[],Relation
"They stood in a tight pack, sharing a cautious glance before fanning out into the unknown, each one acutely aware that the truth was inevitably intertwined with danger.","Into the depths of Dulce, the team advanced, their silence now a shared testament to the camaraderie born of facing the abyss together—and the steel resolve to uncover whatever horrors lay hidden in its shadows.",at the same time,[],[],Relation
"The weight of the thick metal door closing behind them reverberated through the concrete hallway, marking the final threshold between the familiar world above and the strangeness that lay beneath.","Dulce base, a name that had been whispered in the wind-blown deserts above and in the shadowed corners of conspiracy forums, now a tangible cold reality that they could touch — and that touched them back with a chill.",because,[],[],Relation
"Taylor Cruz, stepping firmly into the role of de facto leader, set a brisk pace.","Eyes sharp, people. Comms check, every thirty seconds,' Taylor ordered, their voice echoing slightly before being swallowed by the surrounding silence.",at the same time,[],[],Relation
"exchange was cut short by a shudder that ran through the elevator, subtle, but enough to make them instinctively hold their breaths.",Agents,is participated by,[],[],Relation
"exchange was cut short by a shudder that ran through the elevator, subtle, but enough to make them instinctively hold their breaths.",the elevator,is participated by,[],[],Relation
"Cruz was the first to react, all business despite the shadow that crossed their expression. 'Systems check. Now,' they barked out, masking the moment of disquiet with swift command.",Cruz,is participated by,[],[],Relation
"Cruz was the first to react, all business despite the shadow that crossed their expression. 'Systems check. Now,' they barked out, masking the moment of disquiet with swift command.",the agents,is participated by,[],[],Relation
"Every agent checked their gear, sending confirmation signals through their comms, creating a chorus of electronic beeps that promised readiness.",the agents,is participated by,[],[],Relation
"Every agent checked their gear, sending confirmation signals through their comms, creating a chorus of electronic beeps that promised readiness.",their gear,is participated by,[],[],Relation
"Every agent checked their gear, sending confirmation signals through their comms, creating a chorus of electronic beeps that promised readiness.",their comms,is participated by,[],[],Relation
"But there was an unspoken question among them: was their technology, their weaponry, their protocols sufficient for what awaited them or merely a fragile comfort?",the agents,is participated by,[],[],Relation
"Sam's voice crackled through, only half-jest. 'I'd laugh if we run into Martians playing poker down there—just to lighten the mood, you know?'",Sam,is participated by,[],[],Relation
"Sam's voice crackled through, only half-jest. 'I'd laugh if we run into Martians playing poker down there—just to lighten the mood, you know?'",the agents,is participated by,[],[],Relation
"Despite—or perhaps because of—the oddity of the moment, this elicited a round of chuckles, an audible release of tension that ran counterpoint to the undercurrent of anxiety coursing through the team.",the agents,is participated by,[],[],Relation
"As the elevator came to a halting, eerie calm at the sub-level, the group stepped off, finding themselves at the threshold of Dulce's mysterious halls.",the group,is participated by,[],[],Relation
"As the elevator came to a halting, eerie calm at the sub-level, the group stepped off, finding themselves at the threshold of Dulce's mysterious halls.",Dulce's mysterious halls,is participated by,[],[],Relation
"They stood in a tight pack, sharing a cautious glance before fanning out into the unknown, each one acutely aware that the truth was inevitably intertwined with danger.",the group,is participated by,[],[],Relation
"Into the depths of Dulce, the team advanced, their silence now a shared testament to the camaraderie born of facing the abyss together—and the steel resolve to uncover whatever horrors lay hidden in its shadows.",the team,is participated by,[],[],Relation
"Into the depths of Dulce, the team advanced, their silence now a shared testament to the camaraderie born of facing the abyss together—and the steel resolve to uncover whatever horrors lay hidden in its shadows.",Dulce,is participated by,[],[],Relation
"The weight of the thick metal door closing behind them reverberated through the concrete hallway, marking the final threshold between the familiar world above and the strangeness that lay beneath.",the team,is participated by,[],[],Relation
"The weight of the thick metal door closing behind them reverberated through the concrete hallway, marking the final threshold between the familiar world above and the strangeness that lay beneath.",the thick metal door,is participated by,[],[],Relation
"The weight of the thick metal door closing behind them reverberated through the concrete hallway, marking the final threshold between the familiar world above and the strangeness that lay beneath.",the concrete hallway,is participated by,[],[],Relation
"Dulce base, a name that had been whispered in the wind-blown deserts above and in the shadowed corners of conspiracy forums, now a tangible cold reality that they could touch — and that touched them back with a chill.",Dulce base,is participated by,[],[],Relation
"Dulce base, a name that had been whispered in the wind-blown deserts above and in the shadowed corners of conspiracy forums, now a tangible cold reality that they could touch — and that touched them back with a chill.",the team,is participated by,[],[],Relation
"Like lambs led to an altar of alien deities, so did Agents Alex Mercer, Jordan Hayes, Taylor Cruz, and Sam Rivera proceed, their movements measured, their senses heightened.",Agents Alex Mercer,is participated by,[],[],Relation
"Like lambs led to an altar of alien deities, so did Agents Alex Mercer, Jordan Hayes, Taylor Cruz, and Sam Rivera proceed, their movements measured, their senses heightened.",Jordan Hayes,is participated by,[],[],Relation
"Like lambs led to an altar of alien deities, so did Agents Alex Mercer, Jordan Hayes, Taylor Cruz, and Sam Rivera proceed, their movements measured, their senses heightened.",Taylor Cruz,is participated by,[],[],Relation
"Like lambs led to an altar of alien deities, so did Agents Alex Mercer, Jordan Hayes, Taylor Cruz, and Sam Rivera proceed, their movements measured, their senses heightened.",Sam Rivera,is participated by,[],[],Relation
"The air was still, almost respectful of the gravity of their presence.",the team,is participated by,[],[],Relation
"Their torch beams sliced through the darkness, uncovering steel doors with warnings that spoke of top secrets and mortal dangers.",the team,is participated by,[],[],Relation
"Their torch beams sliced through the darkness, uncovering steel doors with warnings that spoke of top secrets and mortal dangers.",the steel doors,is participated by,[],[],Relation
"Taylor Cruz, stepping firmly into the role of de facto leader, set a brisk pace. 'Eyes sharp, people. Comms check, every thirty seconds,' Taylor ordered, their voice echoing slightly before being swallowed by the surrounding silence.",Taylor Cruz,is participated by,[],[],Relation
"Taylor Cruz, stepping firmly into the role of de facto leader, set a brisk pace. 'Eyes sharp, people. Comms check, every thirty seconds,' Taylor ordered, their voice echoing slightly before being swallowed by the surrounding silence.",the team,is participated by,[],[],Relation
"Sam, fiddling with a handheld device aimed at detecting electronic anomalies, offered a murmured 'Copy that,'",Sam,is participated by,[],[],Relation
"Sam, fiddling with a handheld device aimed at detecting electronic anomalies, offered a murmured 'Copy that,'",the team,is participated by,[],[],Relation
Jordan Hayes,panel,paused,[],[],Relation
panel,base's infrastructure,appeared,[],[],Relation
Jordan Hayes,significance,explained,[],[],Relation
panel,something,covering,[],[],Relation
Sam,drone,reacted,[],[],Relation
drone,sensors,locked,[],[],Relation
Sam,drone,interfered,[],[],Relation
Cruz,team,directed,[],[],Relation
team,central hub,converged,[],[],Relation
central hub,imposing doors,stood,[],[],Relation
doors,ajar,stood,[],[],Relation
team,resolve,fortified,[],[],Relation
team,mainframe room,moved,[],[],Relation
Their usual buoyancy dimmed by the oppressive atmosphere.,"It was Jordan Hayes who paused at an innocuous looking panel, nondescript amongst the gauntlet of secured doorways.",because,[],[],Relation
"Jordan Hayes who paused at an innocuous looking panel, nondescript amongst the gauntlet of secured doorways.","Mercer, Rivera, come see this,' Jordan’s voice was marked with a rare hint of urgency.",after,[],[],Relation
"Alex joined Jordan's side, examining the panel which, at a mere glance, seemed just another part of the base's infrastructure.","Yet, to the trained eye, it appeared out of place—a facade",at the same time,[],[],Relation
"Jordan explained their reasoning as Sam approached, instinctively understanding the significance of what lay beneath, 'This panel is a recent addition — covering something they didn't want found.'","Before Alex could respond, the soft whir of an approaching drone cut through their muffled exchange.",because,[],[],Relation
"Before Alex could respond, the soft whir of an approaching drone cut through their muffled exchange.",Taylor had looped back upon hearing the commotion.,because,[],[],Relation
Taylor had looped back upon hearing the commotion.,"Cruz’s voice trailed off as the small airborne device came into view, its sensors locked onto the group.",before,[],[],Relation
"Cruz’s voice trailed off as the small airborne device came into view, its sensors locked onto the group.","Sam was the first to react, their tech-savvy mind already steps ahead.",after,[],[],Relation
"Sam was the first to react, their tech-savvy mind already steps ahead.","The drone lingered, its scan seeming more curious than hostile.",because,[],[],Relation
"The drone lingered, its scan seeming more curious than hostile.","The crew exhaled, a moment of collective relief palpable in the air.",as a result,[],[],Relation
"Cruz squared their shoulders, clearly ruffled but not conceding any ground.","‘Move out,’ they directed, a hint more forceful than before.",after,[],[],Relation
"The team pressed onward, the quiet now filled with the soft beeps of regular comms checks, their pace undeterred by the confrontation.","Yet, every agent held a renewed sense of wariness, their trust in one another deepening with the knowledge that the base—its technology, its secrets—was alive in a way they hadn't fully anticipated.",at the same time,[],[],Relation
"The imposing doors to the mainframe room stood ajar — an invitation or a trap, neither option comforting.","Without a word, they fortified their resolve and stepped through the threshold,",at the same time,[],[],Relation
"Without a word, they fortified their resolve and stepped through the threshold, where the dim glow of operational LED lights and the distant hum of machinery hinted at Dulce’s still-beating heart.","Solemnly, yet unmistakably together, they moved deeper into the heart of the enigma, ready to unmask the lifeforce of Dulce base or confront whatever existential threat lay in wait.",at the same time,[],[],Relation
Jordan Hayes paused at an innocuous looking panel,Jordan Hayes,is participated by,[],[],Relation
Jordan Hayes paused at an innocuous looking panel,Mercer,is participated by,[],[],Relation
Jordan Hayes paused at an innocuous looking panel,Rivera,is participated by,[],[],Relation
"Alex joined Jordan's side, examining the panel",Alex,is participated by,[],[],Relation
"Alex joined Jordan's side, examining the panel",Jordan Hayes,is participated by,[],[],Relation
Jordan explained their reasoning as Sam approached,Jordan Hayes,is participated by,[],[],Relation
Jordan explained their reasoning as Sam approached,Sam,is participated by,[],[],Relation
The soft whir of an approaching drone cut through their muffled exchange,Taylor,is participated by,[],[],Relation
The soft whir of an approaching drone cut through their muffled exchange,Cruz,is participated by,[],[],Relation
"Sam was the first to react, their tech-savvy mind already steps ahead",Sam,is participated by,[],[],Relation
"The drone lingered, its scan seeming more curious than hostile",Sam,is participated by,[],[],Relation
"The drone lingered, its scan seeming more curious than hostile",the drone,is participated by,[],[],Relation
"Cruz squared their shoulders, clearly ruffled but not conceding any ground",Cruz,is participated by,[],[],Relation
"The team pressed onward, the quiet now filled with the soft beeps of regular comms checks",the team,is participated by,[],[],Relation
"They converged upon a central hub, the imposing doors to the mainframe room stood ajar",the team,is participated by,[],[],Relation
They fortified their resolve and stepped through the threshold,the team,is participated by,[],[],Relation
"They moved deeper into the heart of the enigma, ready to unmask the lifeforce of Dulce base",the team,is participated by,[],[],Relation
Agent Alex Mercer,Dr. Jordan Hayes,watched,[],[],Relation
Dr. Jordan Hayes,alien technology,hovered,[],[],Relation
Dr. Jordan Hayes,alien technology,probed,[],[],Relation
Dr. Jordan Hayes,physics,muttered,[],[],Relation
Dr. Jordan Hayes,translucent component,realigned,[],[],Relation
Dr. Jordan Hayes,Agent Alex Mercer's eyes,met,[],[],Relation
Agent Alex Mercer,Dr. Jordan Hayes,glanced,[],[],Relation
Taylor Cruz,Dr. Jordan Hayes and Agent Alex Mercer,interrupted,[],[],Relation
Taylor Cruz,alien technology,observed,[],[],Relation
Taylor Cruz,Dr. Jordan Hayes,paused,[],[],Relation
Dr. Jordan Hayes,Taylor Cruz,locked eyes,[],[],Relation
The thrumming of monitors cast a stark contrast to the rigid silence enveloping the group.,"Agent Alex Mercer, unfailingly determined on paper, seemed dwarfed by the enormity of the sterile briefing room where Paranormal Military Squad's elite convened.",at the same time,[],[],Relation
"The cooling vents hummed in a monotonous drone, but it was the crackle of the comms system coming to life that cut through the lab’s tension.",The crackle of the comms system coming to life that cut through the lab’s tension.,after,[],[],Relation
"Dr. Jordan Hayes hovered over a table arrayed with alien technology, their fingers delicately probing the enigmatic circuitry retrieved from the crash site.",The crackle of the comms system coming to life that cut through the lab’s tension.,because,[],[],Relation
"Agent Alex Mercer watched, admiration blooming in silent solidarity for Jordan's deft touch and unspoken drive.","Dr. Jordan Hayes hovered over a table arrayed with alien technology, their fingers delicately probing the enigmatic circuitry retrieved from the crash site.",at the same time,[],[],Relation
"Jordan, always composed, only allowed the faintest furrow of concentration to mar their brow.","'What we understand about physics...' they muttered, trailing off as they realigned a translucent component.",as a result,[],[],Relation
"The device emitted a low pulse, causing Jordan to still.","Jordan, always composed, only allowed the faintest furrow of concentration to mar their brow.",because,[],[],Relation
'Could be fundamentally changed by this.',"The device emitted a low pulse, causing Jordan to still.",as a result,[],[],Relation
A calculated risk—that's what this was.,'Could be fundamentally changed by this.',because,[],[],Relation
"And for a person of science, a gamble was worth the potential paradigm shift.",A calculated risk—that's what this was.,as a result,[],[],Relation
"'I’ve been thinking,' Alex started, his eyes still fixed on the immediately tangible mystery before them.","And for a person of science, a gamble was worth the potential paradigm shift.",after,[],[],Relation
"About what’s at stake here. Not the mission parameters, but what this means for us—humanity.","'I’ve been thinking,' Alex started, his eyes still fixed on the immediately tangible mystery before them.",because,[],[],Relation
"Jordan glanced up, meeting his eyes just long enough to convey the shared enormity of their situation, the career-defining glory and existential dread entwined.","About what’s at stake here. Not the mission parameters, but what this means for us—humanity.",at the same time,[],[],Relation
'The quest for understanding always comes at a price. We're standing on the precipice of knowledge that could either elevate us or condemn us.',"Jordan glanced up, meeting his eyes just long enough to convey the shared enormity of their situation, the career-defining glory and existential dread entwined.",as a result,[],[],Relation
The charged air between them spiked as Taylor Cruz’s brusque tones sliced through their reverie.,'The quest for understanding always comes at a price. We're standing on the precipice of knowledge that could either elevate us or condemn us.',after,[],[],Relation
"'Hayes, Mercer, this isn't philosophy hour. Focus on the task. We need actionable intel, not daydreams.'",The charged air between them spiked as Taylor Cruz’s brusque tones sliced through their reverie.,because,[],[],Relation
"With a sound of restrained acknowledgment, Jordan returned their gaze to the device, while Alex clenched his jaw, the buzz of frustration dull against the backdrop of Taylor's authoritarian certainty.","'Hayes, Mercer, this isn't philosophy hour. Focus on the task. We need actionable intel, not daydreams.'",as a result,[],[],Relation
"It was this competitive undercurrent that kept him alert, the sense that his and Jordan's shared commitment to discovery was an unspoken rebellion against Cruz's narrowing vision of control and order.","With a sound of restrained acknowledgment, Jordan returned their gaze to the device, while Alex clenched his jaw, the buzz of frustration dull against the backdrop of Taylor's authoritarian certainty.",because,[],[],Relation
Then Taylor did something unexpected.,"It was this competitive undercurrent that kept him alert, the sense that his and Jordan's shared commitment to discovery was an unspoken rebellion against Cruz's narrowing vision of control and order.",after,[],[],Relation
"They paused beside Jordan and, for a moment, observed the device with something akin to reverence.",Then Taylor did something unexpected.,because,[],[],Relation
"'If this tech can be understood...' Taylor said, their voice quieter, 'It could change the game for us. For all of us.'","They paused beside Jordan and, for a moment, observed the device with something akin to reverence.",as a result,[],[],Relation
"The underlying dismissal earlier seemed to falter, replaced by a glimpse of reluctant respect for the gravity of what lay in their hands.","'If this tech can be understood...' Taylor said, their voice quieter, 'It could change the game for us. For all of us.'",as a result,[],[],Relation
"Jordan looked up, and for a fleeting heartbeat, their eyes locked with Taylor's, a wordless clash of wills softening into an uneasy truce.","The underlying dismissal earlier seemed to falter, replaced by a glimpse of reluctant respect for the gravity of what lay in their hands.",as a result,[],[],Relation
It was a small transformation.,"Jordan looked up, and for a fleeting heartbeat, their eyes locked with Taylor's, a wordless clash of wills softening into an uneasy truce.",as a result,[],[],Relation
The thrumming of monitors cast a stark contrast to the rigid silence enveloping the group.,Agent Alex Mercer,is participated by,[],[],Relation
The thrumming of monitors cast a stark contrast to the rigid silence enveloping the group.,Paranormal Military Squad's elite,is participated by,[],[],Relation
"The cooling vents hummed in a monotonous drone, but it was the crackle of the comms system coming to life that cut through the lab’s tension.",The lab,is participated by,[],[],Relation
"The cooling vents hummed in a monotonous drone, but it was the crackle of the comms system coming to life that cut through the lab’s tension.",Dr. Jordan Hayes,is participated by,[],[],Relation
"The cooling vents hummed in a monotonous drone, but it was the crackle of the comms system coming to life that cut through the lab’s tension.",The comms system,is participated by,[],[],Relation
"Dr. Jordan Hayes hovered over a table arrayed with alien technology, their fingers delicately probing the enigmatic circuitry retrieved from the crash site.",Dr. Jordan Hayes,is participated by,[],[],Relation
"Dr. Jordan Hayes hovered over a table arrayed with alien technology, their fingers delicately probing the enigmatic circuitry retrieved from the crash site.",Alien technology,is participated by,[],[],Relation
"Dr. Jordan Hayes hovered over a table arrayed with alien technology, their fingers delicately probing the enigmatic circuitry retrieved from the crash site.",The crash site,is participated by,[],[],Relation
"Jordan, always composed, only allowed the faintest furrow of concentration to mar their brow.",Jordan,is participated by,[],[],Relation
"'What we understand about physics...' they muttered, trailing off as they realigned a translucent component.",Dr. Jordan Hayes,is participated by,[],[],Relation
"The device emitted a low pulse, causing Jordan to still.",The device,is participated by,[],[],Relation
"The device emitted a low pulse, causing Jordan to still.",Jordan,is participated by,[],[],Relation
'Could be fundamentally changed by this.',Dr. Jordan Hayes,is participated by,[],[],Relation
A calculated risk—that's what this was.,Dr. Jordan Hayes,is participated by,[],[],Relation
"And for a person of science, a gamble was worth the potential paradigm shift.",Dr. Jordan Hayes,is participated by,[],[],Relation
"'I’ve been thinking,' Alex started, his eyes still fixed on the immediately tangible mystery before them.",Agent Alex Mercer,is participated by,[],[],Relation
"'About what’s at stake here. Not the mission parameters, but what this means for us—humanity.'",Agent Alex Mercer,is participated by,[],[],Relation
"Jordan glanced up, meeting his eyes just long enough to convey the shared enormity of their situation, the career-defining glory and existential dread entwined.",Jordan,is participated by,[],[],Relation
"Jordan glanced up, meeting his eyes just long enough to convey the shared enormity of their situation, the career-defining glory and existential dread entwined.",Agent Alex Mercer,is participated by,[],[],Relation
'The quest for understanding always comes at a price. We're standing on the precipice of knowledge that could either elevate us or condemn us.',Dr. Jordan Hayes,is participated by,[],[],Relation
The charged air between them spiked as Taylor Cruz’s brusque tones sliced through their reverie.,Taylor Cruz,is participated by,[],[],Relation
The charged air between them spiked as Taylor Cruz’s brusque tones sliced through their reverie.,Agent Alex Mercer,is participated by,[],[],Relation
The charged air between them spiked as Taylor Cruz’s brusque tones sliced through their reverie.,Dr. Jordan Hayes,is participated by,[],[],Relation
"'Hayes, Mercer, this isn't philosophy hour. Focus on the task. We need actionable intel, not daydreams.'",Taylor Cruz,is participated by,[],[],Relation
"With a sound of restrained acknowledgment, Jordan returned their gaze to the device, while Alex clenched his jaw, the buzz of frustration dull against the backdrop of Taylor's authoritarian certainty.",Jordan,is participated by,[],[],Relation
"With a sound of restrained acknowledgment, Jordan returned their gaze to the device, while Alex clenched his jaw, the buzz of frustration dull against the backdrop of Taylor's authoritarian certainty.",Agent Alex Mercer,is participated by,[],[],Relation
"With a sound of restrained acknowledgment, Jordan returned their gaze to the device, while Alex clenched his jaw, the buzz of frustration dull against the backdrop of Taylor's authoritarian certainty.",Taylor Cruz,is participated by,[],[],Relation
"It was this competitive undercurrent that kept him alert, the sense that his and Jordan's shared commitment to discovery was an unspoken rebellion against Cruz's narrowing vision of control and order.",Agent Alex Mercer,is participated by,[],[],Relation
"It was this competitive undercurrent that kept him alert, the sense that his and Jordan's shared commitment to discovery was an unspoken rebellion against Cruz's narrowing vision of control and order.",Dr. Jordan Hayes,is participated by,[],[],Relation
"It was this competitive undercurrent that kept him alert, the sense that his and Jordan's shared commitment to discovery was an unspoken rebellion against Cruz's narrowing vision of control and order.",Taylor Cruz,is participated by,[],[],Relation
Then Taylor did something unexpected.,Taylor Cruz,is participated by,[],[],Relation
"They paused beside Jordan and, for a moment, observed the device with something akin to reverence.",Taylor Cruz,is participated by,[],[],Relation
"They paused beside Jordan and, for a moment, observed the device with something akin to reverence.",Dr. Jordan Hayes,is participated by,[],[],Relation
"'If this tech can be understood...' Taylor said, their voice quieter, 'It could change the game for us. For all of us.'",Taylor Cruz,is participated by,[],[],Relation
"The underlying dismissal earlier seemed to falter, replaced by a glimpse of reluctant respect for the gravity of what lay in their hands.",Taylor Cruz,is participated by,[],[],Relation
"The underlying dismissal earlier seemed to falter, replaced by a glimpse of reluctant respect for the gravity of what lay in their hands.",Dr. Jordan Hayes,is participated by,[],[],Relation
"Jordan looked up, and for a fleeting heartbeat, their eyes locked with Taylor's, a wordless clash of wills softening into an uneasy truce.",Dr. Jordan Hayes,is participated by,[],[],Relation
"Jordan looked up, and for a fleeting heartbeat, their eyes locked with Taylor's, a wordless clash of wills softening into an uneasy truce.",Taylor Cruz,is participated by,[],[],Relation
It was a small transformation.,Taylor Cruz,is participated by,[],[],Relation
It was a small transformation.,Dr. Jordan Hayes,is participated by,[],[],Relation
Alex,inward nod,noted,[],[],Relation
paths,here,brought,[],[],Relation
duty,unknown,pulled,[],[],Relation
desires,anticipation,coalescing,[],[],Relation
efforts,understanding,sharpened,[],[],Relation
facts,truths,laid,[],[],Relation
Sam,thought,lingered,[],[],Relation
files,curiosity,stirred,[],[],Relation
tone,space,afforded,[],[],Relation
expectation,shoulders,pressing,[],[],Relation
mission,trust,placed,[],[],Relation
patterns,off,admitted,[],[],Relation
anomaly,nothing,structured,[],[],Relation
eyes,approval,brightened,[],[],Relation
intellect,uncertainty,guiding,[],[],Relation
exchange,arrival,cut,[],[],Relation
gait,confidence,brimming,[],[],Relation
protocols,understanding,bridged,[],[],Relation
mission,motives,challenged,[],[],Relation
footsteps,rhythm,synchronized,[],[],Relation
link,mutuality,poised,[],[],Relation
They had all been brought here by different paths and for different reasons.,"beneath the veneer of duty, the enticement of the vast unknown pulled them inexorably together",because,[],[],Relation
"They refocused their efforts, each movement sharpened by the knowledge that beyond understanding the unearthly artifacts, they might be piecing together the future of their species.",the blink of lights and whir of machinery,after,[],[],Relation
"the liminal space between the facts laid out and the hidden truths, sat Sam Rivera, his demeanor an artful balance of focus and a casual disguise of his razor-sharp talent with technology.",Amidst the sterility of the briefing room,at the same time,[],[],Relation
"'You've been quiet, Sam,' Alex noted, catching the younger man's contemplative gaze.","Sam nodded, recognizing the space afforded to him",because,[],[],Relation
"Sam nodded, recognizing the space afforded to him.",he couldn't help but feel the weight of expectation pressing upon his shoulders,because,[],[],Relation
Alex's eyes brightened with a subtle approval that crossed the distance like a silent nod.,"'Good. Keen eyes will keep us ahead—or at least not blindsided,' he said",as a result,[],[],Relation
"Taylor Cruz's abrupt arrival, his gait brimming with a robust confidence that veiled the sharp undercurrents of his striving nature.","'Time to gear up. Dulce waits for no one,' Taylor announced",because,[],[],Relation
"As Sam and Alex nodded in unison, the icy chasm of hierarchy and cryptic protocols seemed momentarily to bridge over with an understanding—this mission was convergence, a nexus point that would challenge each of their motives and strength.",They filed out of the briefing room,after,[],[],Relation
"They filed out of the briefing room, their footsteps synchronized, a rhythm that spoke volumes of the unknown cadence they would soon march to within the base's veins.","For Alex Mercer, the link with Sam Rivera, though distant, was now poised with a mutuality ready to face the unknown",because,[],[],Relation
They had all been brought here by different paths and for different reasons.,Alex,is participated by,[],[],Relation
They had all been brought here by different paths and for different reasons.,Sam Rivera,is participated by,[],[],Relation
They had all been brought here by different paths and for different reasons.,Taylor Cruz,is participated by,[],[],Relation
"They refocused their efforts, each movement sharpened by the knowledge that beyond understanding the unearthly artifacts, they might be piecing together the future of their species.",Alex,is participated by,[],[],Relation
"They refocused their efforts, each movement sharpened by the knowledge that beyond understanding the unearthly artifacts, they might be piecing together the future of their species.",Sam Rivera,is participated by,[],[],Relation
"They refocused their efforts, each movement sharpened by the knowledge that beyond understanding the unearthly artifacts, they might be piecing together the future of their species.",Taylor Cruz,is participated by,[],[],Relation
"Sam Rivera sat in the briefing room, his demeanor an artful balance of focus and a casual disguise of his razor-sharp talent with technology.",Sam Rivera,is participated by,[],[],Relation
"Alex Mercer lingered in thought, the mental cogs turning as each file on Dulce stirred more than curiosity—it beckoned to a past both honored and burdensome.",Alex Mercer,is participated by,[],[],Relation
"Alex noted, catching the younger man's contemplative gaze, 'You've been quiet, Sam.'",Alex Mercer,is participated by,[],[],Relation
"Alex noted, catching the younger man's contemplative gaze, 'You've been quiet, Sam.'",Sam Rivera,is participated by,[],[],Relation
"Sam nodded, recognizing the space afforded to him, and he couldn't help but feel the weight of expectation pressing upon his shoulders.",Sam Rivera,is participated by,[],[],Relation
"Sam admitted, hesitant but driven, 'The patterns are... off.'",Sam Rivera,is participated by,[],[],Relation
Alex's eyes brightened with a subtle approval that crossed the distance like a silent nod.,Alex Mercer,is participated by,[],[],Relation
Taylor Cruz's abrupt arrival cut short their exchange.,Taylor Cruz,is participated by,[],[],Relation
"Taylor announced, his voice carrying an iron resolve, 'Time to gear up. Dulce waits for no one.'",Taylor Cruz,is participated by,[],[],Relation
Sam and Alex nodded in unison.,Sam Rivera,is participated by,[],[],Relation
Sam and Alex nodded in unison.,Alex Mercer,is participated by,[],[],Relation
"They filed out of the briefing room, their footsteps synchronized.",Alex Mercer,is participated by,[],[],Relation
"They filed out of the briefing room, their footsteps synchronized.",Sam Rivera,is participated by,[],[],Relation
"They filed out of the briefing room, their footsteps synchronized.",Taylor Cruz,is participated by,[],[],Relation
Taylor Cruz,initiative,pulsed,[],[],Relation
Taylor Cruz,anticipation,had,[],[],Relation
they,alone,were,[],[],Relation
they,joined,were,[],[],Relation
they,embrace,stepping,[],[],Relation
they,Operation: Dulce,towards,[],[],Relation
"The initiative pulsed like a heartbeat, anticipation thinly veiled behind a mask of duty.",Taylor Cruz was to be tested.,before,[],[],Relation
They were each alone yet irrevocably joined.,They were stepping closer towards the volatile embrace of Operation: Dulce.,at the same time,[],[],Relation
They were stepping closer towards the volatile embrace of Operation: Dulce.,They were each alone yet irrevocably joined.,because,[],[],Relation
Taylor Cruz felt the initiative like a heartbeat,Taylor Cruz,is participated by,[],[],Relation
Anticipation was thinly veiled behind a mask of duty,Anticipation,is participated by,[],[],Relation
They were each alone yet irrevocably joined,They,is participated by,[],[],Relation
They were stepping closer towards the volatile embrace of Operation: Dulce,They,is participated by,[],[],Relation
They were stepping closer towards the volatile embrace of Operation: Dulce,Operation: Dulce,is participated by,[],[],Relation
