name:ID,type,concepts,synsets,:LABEL
Alex Mercer,entity,[],[],Node
dwarfed,entity,[],[],Node
Taylor Cruz,entity,[],[],Node
attention,entity,[],[],Node
compliance,entity,[],[],Node
Jordan Hayes,entity,[],[],Node
support,entity,[],[],Node
Sam Rivera,entity,[],[],Node
information,entity,[],[],Node
protocol,entity,[],[],Node
Alex Mercer's struggle,entity,[],[],Node
determination,entity,[],[],Node
The thrumming of monitors cast a stark contrast to the rigid silence enveloping the group.,event,[],[],Node
"Agent Alex Mercer, unfailingly determined on paper, seemed dwarfed by the enormity of the sterile briefing room where Paranormal Military Squad's elite convened.",event,[],[],Node
"With dulled eyes, he scanned the projectors outlining their impending odyssey into Operation: Dulce.",event,[],[],Node
"It was Taylor Cruz’s voice, laced with an edge that demanded attention.",event,[],[],Node
"Alex flickered a strained smile, still thumbing his folder's corner.",event,[],[],Node
"The compliance in his tone was unsettling, even to himself.",event,[],[],Node
"Jordan Hayes, perched on the opposite side of the table, narrowed their eyes but offered a supportive nod.",event,[],[],Node
"'Details are imperative. We’ll need your clear-headedness down there, Mercer.'",event,[],[],Node
"A comfortable silence, the kind that threaded between veterans of shared secrets, lingered briefly before Sam Rivera, never one to submit to quiet, added, 'I’ve combed through the last transmission logs. If anyone can make sense of the anomalies, it’s going to be the two of you.'",event,[],[],Node
"Taylor snorted dismissively. 'Focus, people. We have protocols for a reason. Speculation is counter-productive.'",event,[],[],Node
"The words 'counter-productive' seemed to hang in the air, a tacit reprimand directed at Alex.",event,[],[],Node
"Feeling the weight of his compliance conflicting with his natural inclination to leave no stone unturned, Alex straightened in his seat.",event,[],[],Node
"It was an affirmation, but beneath it lay layers of unspoken complexities that would undoubtedly unwind with time.",event,[],[],Node
"Alex's submission, though seemingly complete, didn't escape Jordan, who tilted their head ever so slightly, their eyes revealing a spark of understanding.",event,[],[],Node
They knew well enough the struggle of aligning personal convictions with overarching missions.,event,[],[],Node
"As everyone began to collect their binders and prepare for departure, a quiet resolve took form within Alex, galvanized by the groundwork laid by their interactions.",event,[],[],Node
"He may have spoken in compliance, but his determination had merely taken a subtler form — one that wouldn't surrender so easily to the forthcoming shadows.",event,[],[],Node
monitors,entity,[],[],Node
group,entity,[],[],Node
Agent Alex Mercer,entity,[],[],Node
briefing room,entity,[],[],Node
Paranormal Military Squad,entity,[],[],Node
projectors,entity,[],[],Node
Operation: Dulce,entity,[],[],Node
"'Of course not, Agent Cruz. Just trying to soak in all the details.'",event,[],[],Node
Agent Cruz,entity,[],[],Node
"A comfortable silence, the kind that threaded between veterans of shared secrets, lingered briefly.",event,[],[],Node
"Sam Rivera, never one to submit to quiet, added, 'I’ve combed through the last transmission logs. If anyone can make sense of the anomalies, it’s going to be the two of you.'",event,[],[],Node
Taylor snorted dismissively.,event,[],[],Node
"'Focus, people. We have protocols for a reason. Speculation is counter-productive.'",event,[],[],Node
"'I agree, Agent Cruz. Protocol is paramount,' he said, meeting Taylor's steely gaze.",event,[],[],Node
Agent Mercer,entity,[],[],Node
supportive nod,entity,[],[],Node
transmission logs,entity,[],[],Node
protocols,entity,[],[],Node
struggle,entity,[],[],Node
spark,entity,[],[],Node
resolve,entity,[],[],Node
"A comfortable silence, the kind that threaded between veterans of shared secrets, lingered briefly before Sam Rivera, never one to submit to quiet, added,",event,[],[],Node
"'I’ve combed through the last transmission logs. If anyone can make sense of the anomalies, it’s going to be the two of you.'",event,[],[],Node
Agent Alex Mercer seemed dwarfed by the enormity of the sterile briefing room where Paranormal Military Squad's elite convened.,event,[],[],Node
Paranormal Military Squad's elite,entity,[],[],Node
Taylor Cruz asked Agent Mercer if he was having second thoughts.,event,[],[],Node
Alex flickered a strained smile and replied that he was not having second thoughts.,event,[],[],Node
Jordan Hayes offered a supportive nod to Alex.,event,[],[],Node
Sam Rivera added that Alex and Jordan were going to make sense of the anomalies.,event,[],[],Node
Taylor Cruz reprimanded the team for speculation.,event,[],[],Node
Alex agreed with Taylor Cruz that protocol was paramount.,event,[],[],Node
Jordan Hayes showed understanding of Alex's struggle with compliance.,event,[],[],Node
The team began to collect their binders and prepare for departure.,event,[],[],Node
office,entity,[],[],Node
servers,entity,[],[],Node
comm signals,entity,[],[],Node
data,entity,[],[],Node
workspace,entity,[],[],Node
neck,entity,[],[],Node
brow,entity,[],[],Node
words,entity,[],[],Node
digital haze,entity,[],[],Node
intuition,entity,[],[],Node
screens,entity,[],[],Node
elevator,entity,[],[],Node
Mercer,entity,[],[],Node
"Sam Rivera sat alone in a cramped office, the hum of a dozen servers murmuring a digital lullaby in the background.",event,[],[],Node
"The stillness of the room broke with the unexpected arrival of Alex Mercer, whose encroaching shadow loomed over Sam's workspace.",event,[],[],Node
"Surrounded by the glow of multiple screens, their eyes danced across lines of code and intercepted comm signals from Dulce — a kaleidoscope of data that their curious and isolated mind hungered to decrypt.",event,[],[],Node
"To an outsider, it might have looked like obsession, this fervent quest for answers.",event,[],[],Node
"Sam, it was a dance — a give and take with the mysteries of the universe.",event,[],[],Node
"Alex Mercer, whose encroaching shadow loomed over Sam's workspace.",event,[],[],Node
"Their fingers paused over the keyboard as they leaned back in the chair, whispering to thin air, 'What secrets are you hiding from us?'",event,[],[],Node
"Alex hesitated, weighing his words carefully.",event,[],[],Node
"The cybersecurity expert craned their neck upwards, met by the ever-so-slight furrow in Alex's brow.",event,[],[],Node
"'Our tech is top-tier, but the silence from Dulce... It's not just technology that will see us through, it's intuition and... trust.'",event,[],[],Node
"His gaze pierced through the digital haze, trying to instill something more profound than advice.",event,[],[],Node
"Sam regarded Alex for a moment, the sincerity in his voice resonating with their own unspoken desire to prove their worth.",event,[],[],Node
The sincerity in his voice resonating with their own unspoken desire to prove their worth.,event,[],[],Node
"As Alex turned to leave, Sam's eyes drifted back to the screens, now seeing them not as barriers to isolate behind, but as windows into the vast and enigmatic challenge that awaited their team.",event,[],[],Node
"Their shared silence held a newfound understanding, a recognition that between the ones and zeros, it was their combined human insights that might prevail against the impossible.",event,[],[],Node
"Outside the office, the persistent buzz of activity in the facility belied the unease that gripped its inhabitants.",event,[],[],Node
"A restlessness that nibbled on the edges of reality, as though forewarning of the threshold they were soon to cross — from the known into the realm of cosmic secrets and silent threats.",event,[],[],Node
"Shadows played against the walls of the cramped underground meeting room, where Alex Mercer stood gazing at the concealed elevator that would deliver them into the bowels of Dulce base.",event,[],[],Node
"The air was thick, every breath laced with the weight of impending confrontation, the kind one feels when stepping into a legend.",event,[],[],Node
Alex Mercer stood gazing at the concealed elevator that would deliver them into the bowels of Dulce base.,event,[],[],Node
"Jordan Hayes remarked, approaching Mercer.",event,[],[],Node
Dulce,entity,[],[],Node
"Alex hesitated, weighing his words carefully. 'Our tech is top-tier, but the silence from Dulce... It's not just technology that will see us through, it's intuition and... trust.'",event,[],[],Node
facility inhabitants,entity,[],[],Node
Dulce base,entity,[],[],Node
"'I know what you're thinking,' Jordan Hayes remarked, approaching Mercer. Their voice was low, a blend of confidence and hidden apprehension.",event,[],[],Node
Alex,entity,[],[],Node
features,entity,[],[],Node
mask,entity,[],[],Node
mission,entity,[],[],Node
pawns,entity,[],[],Node
Jordan,entity,[],[],Node
mind,entity,[],[],Node
dynamics,entity,[],[],Node
Taylor,entity,[],[],Node
exchange,entity,[],[],Node
Cruz,entity,[],[],Node
rifle,entity,[],[],Node
Sam,entity,[],[],Node
luck,entity,[],[],Node
help,entity,[],[],Node
below,entity,[],[],Node
compliment,entity,[],[],Node
"Alex turned, his features a mask of uneasy resolve.",event,[],[],Node
"'It's like we're being pulled into someone else’s game. Not just observers or participants, but... pawns.'",event,[],[],Node
"Jordan gave a short nod, their analytical mind colliding with the uncertain dynamics of this operation.",event,[],[],Node
"'I've felt that way since the briefing. Like there's a layer we’re not seeing. And yet, we have no choice but to play along.'",event,[],[],Node
"'You two need to cut the philosophical chatter. We have positions to secure,' Taylor Cruz interjected sharply, stepping into their exchange.",event,[],[],Node
"Alex's response was measured, more assertive than moments ago.",event,[],[],Node
"'Acknowledged, Agent Cruz,' he replied, his voice steadier, mirroring the transformation brewing within.",event,[],[],Node
"Sam Rivera piped in with a tone of balanced levity, 'Hope everyone’s brought their good luck charms. Something tells me we’re going to need all the help we can get.'",event,[],[],Node
"As they congregated at the elevator, a tension palpable, Sam Rivera piped in with a tone of balanced levity, 'Hope everyone’s brought their good luck charms. Something tells me we’re going to need all the help we can get.'",event,[],[],Node
"Their laughter served as a brief respite from the gravity of their mission, a shared moment that reinforced their common humanity amidst the unknowable.",event,[],[],Node
"The team was descending into the earth, carrying with them not only the weight of their equipment but also the silent pressure of the invisible war they were about to fight—a war that seemed to edge away from physicality and into the unnervingly psychological.",event,[],[],Node
"As they descended, Dr. Jordan Hayes couldn't help but muse over the layers of data that could wait below, now almost longing for the comfort of empirical evidence.",event,[],[],Node
"To think that this reluctance to accept other possibilities may have been my biggest blind spot, Jordan contemplated, feeling the hard shell of skepticism begin to crack.",event,[],[],Node
"Alex caught Jordan's reflective gaze and leaned in, his voice barely a murmur over the hum of the elevator.",event,[],[],Node
"Once we're down there, keep that analytical edge sharp. You see through the mazes of the unexplained better than anyone.",event,[],[],Node
"Jordan said, the words carrying a trace of newfound assertiveness.",event,[],[],Node
"Their eyes locked with Alex's, silently exchanging a vow to remain vigilant.",event,[],[],Node
"Taylor Cruz interjected sharply, stepping into their exchange.",event,[],[],Node
"Sam Rivera piped in with a tone of balanced levity, 'Hope everyone’s brought their good luck charms.'",event,[],[],Node
Their laughter served as a brief respite from the gravity of their mission.,event,[],[],Node
Dr. Jordan Hayes couldn't help but muse over the layers of data that could wait below.,event,[],[],Node
Dr. Jordan Hayes,entity,[],[],Node
The compliment was unexpected and weighed differently than praise from others.,event,[],[],Node
shudder,entity,[],[],Node
expression,entity,[],[],Node
command,entity,[],[],Node
agents,entity,[],[],Node
gear,entity,[],[],Node
voice,entity,[],[],Node
Martians,entity,[],[],Node
team,entity,[],[],Node
threshold,entity,[],[],Node
door,entity,[],[],Node
hallway,entity,[],[],Node
Agents,entity,[],[],Node
altar,entity,[],[],Node
pace,entity,[],[],Node
device,entity,[],[],Node
"A shudder ran through the elevator, subtle, but enough to make them instinctively hold their breaths.",event,[],[],Node
It wasn't the mechanical stutter of old gears but a vibration that seemed to emanate from the very walls of the shaft—a whisper of something that defied natural explanation.,event,[],[],Node
"Cruz was the first to react, all business despite the shadow that crossed their expression.",event,[],[],Node
"They barked out, 'Systems check. Now,' masking the moment of disquiet with swift command.",event,[],[],Node
"Every agent checked their gear, sending confirmation signals through their comms, creating a chorus of electronic beeps that promised readiness.",event,[],[],Node
"But there was an unspoken question among them: was their technology, their weaponry, their protocols sufficient for what awaited them or merely a fragile comfort?",event,[],[],Node
"Sam's voice crackled through, only half-jest, 'I'd laugh if we run into Martians playing poker down there—just to lighten the mood, you know?'",event,[],[],Node
"Despite—or perhaps because of—the oddity of the moment, this elicited a round of chuckles, an audible release of tension that ran counterpoint to the undercurrent of anxiety coursing through the team.",event,[],[],Node
"The elevator came to a halting, eerie calm at the sub-level.",event,[],[],Node
"The group stepped off, finding themselves at the threshold of Dulce's mysterious halls.",event,[],[],Node
"They stood in a tight pack, sharing a cautious glance before fanning out into the unknown, each one acutely aware that the truth was inevitably intertwined with danger.",event,[],[],Node
"Into the depths of Dulce, the team advanced, their silence now a shared testament to the camaraderie born of facing the abyss together—and the steel resolve to uncover whatever horrors lay hidden in its shadows.",event,[],[],Node
"The weight of the thick metal door closing behind them reverberated through the concrete hallway, marking the final threshold between the familiar world above and the strangeness that lay beneath.",event,[],[],Node
"Dulce base, a name that had been whispered in the wind-blown deserts above and in the shadowed corners of conspiracy forums, now a tangible cold reality that they could touch — and that touched them back with a chill.",event,[],[],Node
"Taylor Cruz, stepping firmly into the role of de facto leader, set a brisk pace.",event,[],[],Node
"Eyes sharp, people. Comms check, every thirty seconds,' Taylor ordered, their voice echoing slightly before being swallowed by the surrounding silence.",event,[],[],Node
"exchange was cut short by a shudder that ran through the elevator, subtle, but enough to make them instinctively hold their breaths.",event,[],[],Node
the elevator,entity,[],[],Node
"Cruz was the first to react, all business despite the shadow that crossed their expression. 'Systems check. Now,' they barked out, masking the moment of disquiet with swift command.",event,[],[],Node
the agents,entity,[],[],Node
their gear,entity,[],[],Node
their comms,entity,[],[],Node
"Sam's voice crackled through, only half-jest. 'I'd laugh if we run into Martians playing poker down there—just to lighten the mood, you know?'",event,[],[],Node
"As the elevator came to a halting, eerie calm at the sub-level, the group stepped off, finding themselves at the threshold of Dulce's mysterious halls.",event,[],[],Node
the group,entity,[],[],Node
Dulce's mysterious halls,entity,[],[],Node
the team,entity,[],[],Node
the thick metal door,entity,[],[],Node
the concrete hallway,entity,[],[],Node
"Like lambs led to an altar of alien deities, so did Agents Alex Mercer, Jordan Hayes, Taylor Cruz, and Sam Rivera proceed, their movements measured, their senses heightened.",event,[],[],Node
Agents Alex Mercer,entity,[],[],Node
"The air was still, almost respectful of the gravity of their presence.",event,[],[],Node
"Their torch beams sliced through the darkness, uncovering steel doors with warnings that spoke of top secrets and mortal dangers.",event,[],[],Node
the steel doors,entity,[],[],Node
"Taylor Cruz, stepping firmly into the role of de facto leader, set a brisk pace. 'Eyes sharp, people. Comms check, every thirty seconds,' Taylor ordered, their voice echoing slightly before being swallowed by the surrounding silence.",event,[],[],Node
"Sam, fiddling with a handheld device aimed at detecting electronic anomalies, offered a murmured 'Copy that,'",event,[],[],Node
panel,entity,[],[],Node
base's infrastructure,entity,[],[],Node
significance,entity,[],[],Node
something,entity,[],[],Node
drone,entity,[],[],Node
sensors,entity,[],[],Node
central hub,entity,[],[],Node
imposing doors,entity,[],[],Node
doors,entity,[],[],Node
ajar,entity,[],[],Node
mainframe room,entity,[],[],Node
Their usual buoyancy dimmed by the oppressive atmosphere.,event,[],[],Node
"It was Jordan Hayes who paused at an innocuous looking panel, nondescript amongst the gauntlet of secured doorways.",event,[],[],Node
"Jordan Hayes who paused at an innocuous looking panel, nondescript amongst the gauntlet of secured doorways.",event,[],[],Node
"Mercer, Rivera, come see this,' Jordan’s voice was marked with a rare hint of urgency.",event,[],[],Node
"Alex joined Jordan's side, examining the panel which, at a mere glance, seemed just another part of the base's infrastructure.",event,[],[],Node
"Yet, to the trained eye, it appeared out of place—a facade",event,[],[],Node
"Jordan explained their reasoning as Sam approached, instinctively understanding the significance of what lay beneath, 'This panel is a recent addition — covering something they didn't want found.'",event,[],[],Node
"Before Alex could respond, the soft whir of an approaching drone cut through their muffled exchange.",event,[],[],Node
Taylor had looped back upon hearing the commotion.,event,[],[],Node
"Cruz’s voice trailed off as the small airborne device came into view, its sensors locked onto the group.",event,[],[],Node
"Sam was the first to react, their tech-savvy mind already steps ahead.",event,[],[],Node
"The drone lingered, its scan seeming more curious than hostile.",event,[],[],Node
"The crew exhaled, a moment of collective relief palpable in the air.",event,[],[],Node
"Cruz squared their shoulders, clearly ruffled but not conceding any ground.",event,[],[],Node
"‘Move out,’ they directed, a hint more forceful than before.",event,[],[],Node
"The team pressed onward, the quiet now filled with the soft beeps of regular comms checks, their pace undeterred by the confrontation.",event,[],[],Node
"Yet, every agent held a renewed sense of wariness, their trust in one another deepening with the knowledge that the base—its technology, its secrets—was alive in a way they hadn't fully anticipated.",event,[],[],Node
"The imposing doors to the mainframe room stood ajar — an invitation or a trap, neither option comforting.",event,[],[],Node
"Without a word, they fortified their resolve and stepped through the threshold,",event,[],[],Node
"Without a word, they fortified their resolve and stepped through the threshold, where the dim glow of operational LED lights and the distant hum of machinery hinted at Dulce’s still-beating heart.",event,[],[],Node
"Solemnly, yet unmistakably together, they moved deeper into the heart of the enigma, ready to unmask the lifeforce of Dulce base or confront whatever existential threat lay in wait.",event,[],[],Node
Jordan Hayes paused at an innocuous looking panel,event,[],[],Node
Rivera,entity,[],[],Node
"Alex joined Jordan's side, examining the panel",event,[],[],Node
Jordan explained their reasoning as Sam approached,event,[],[],Node
The soft whir of an approaching drone cut through their muffled exchange,event,[],[],Node
"Sam was the first to react, their tech-savvy mind already steps ahead",event,[],[],Node
"The drone lingered, its scan seeming more curious than hostile",event,[],[],Node
the drone,entity,[],[],Node
"Cruz squared their shoulders, clearly ruffled but not conceding any ground",event,[],[],Node
"The team pressed onward, the quiet now filled with the soft beeps of regular comms checks",event,[],[],Node
"They converged upon a central hub, the imposing doors to the mainframe room stood ajar",event,[],[],Node
They fortified their resolve and stepped through the threshold,event,[],[],Node
"They moved deeper into the heart of the enigma, ready to unmask the lifeforce of Dulce base",event,[],[],Node
alien technology,entity,[],[],Node
physics,entity,[],[],Node
translucent component,entity,[],[],Node
Agent Alex Mercer's eyes,entity,[],[],Node
Dr. Jordan Hayes and Agent Alex Mercer,entity,[],[],Node
"The cooling vents hummed in a monotonous drone, but it was the crackle of the comms system coming to life that cut through the lab’s tension.",event,[],[],Node
The crackle of the comms system coming to life that cut through the lab’s tension.,event,[],[],Node
"Dr. Jordan Hayes hovered over a table arrayed with alien technology, their fingers delicately probing the enigmatic circuitry retrieved from the crash site.",event,[],[],Node
"Agent Alex Mercer watched, admiration blooming in silent solidarity for Jordan's deft touch and unspoken drive.",event,[],[],Node
"Jordan, always composed, only allowed the faintest furrow of concentration to mar their brow.",event,[],[],Node
"'What we understand about physics...' they muttered, trailing off as they realigned a translucent component.",event,[],[],Node
"The device emitted a low pulse, causing Jordan to still.",event,[],[],Node
'Could be fundamentally changed by this.',event,[],[],Node
A calculated risk—that's what this was.,event,[],[],Node
"And for a person of science, a gamble was worth the potential paradigm shift.",event,[],[],Node
"'I’ve been thinking,' Alex started, his eyes still fixed on the immediately tangible mystery before them.",event,[],[],Node
"About what’s at stake here. Not the mission parameters, but what this means for us—humanity.",event,[],[],Node
"Jordan glanced up, meeting his eyes just long enough to convey the shared enormity of their situation, the career-defining glory and existential dread entwined.",event,[],[],Node
'The quest for understanding always comes at a price. We're standing on the precipice of knowledge that could either elevate us or condemn us.',event,[],[],Node
The charged air between them spiked as Taylor Cruz’s brusque tones sliced through their reverie.,event,[],[],Node
"'Hayes, Mercer, this isn't philosophy hour. Focus on the task. We need actionable intel, not daydreams.'",event,[],[],Node
"With a sound of restrained acknowledgment, Jordan returned their gaze to the device, while Alex clenched his jaw, the buzz of frustration dull against the backdrop of Taylor's authoritarian certainty.",event,[],[],Node
"It was this competitive undercurrent that kept him alert, the sense that his and Jordan's shared commitment to discovery was an unspoken rebellion against Cruz's narrowing vision of control and order.",event,[],[],Node
Then Taylor did something unexpected.,event,[],[],Node
"They paused beside Jordan and, for a moment, observed the device with something akin to reverence.",event,[],[],Node
"'If this tech can be understood...' Taylor said, their voice quieter, 'It could change the game for us. For all of us.'",event,[],[],Node
"The underlying dismissal earlier seemed to falter, replaced by a glimpse of reluctant respect for the gravity of what lay in their hands.",event,[],[],Node
"Jordan looked up, and for a fleeting heartbeat, their eyes locked with Taylor's, a wordless clash of wills softening into an uneasy truce.",event,[],[],Node
It was a small transformation.,event,[],[],Node
The lab,entity,[],[],Node
The comms system,entity,[],[],Node
Alien technology,entity,[],[],Node
The crash site,entity,[],[],Node
The device,entity,[],[],Node
"'About what’s at stake here. Not the mission parameters, but what this means for us—humanity.'",event,[],[],Node
inward nod,entity,[],[],Node
paths,entity,[],[],Node
here,entity,[],[],Node
duty,entity,[],[],Node
unknown,entity,[],[],Node
desires,entity,[],[],Node
anticipation,entity,[],[],Node
efforts,entity,[],[],Node
understanding,entity,[],[],Node
facts,entity,[],[],Node
truths,entity,[],[],Node
thought,entity,[],[],Node
files,entity,[],[],Node
curiosity,entity,[],[],Node
tone,entity,[],[],Node
space,entity,[],[],Node
expectation,entity,[],[],Node
shoulders,entity,[],[],Node
trust,entity,[],[],Node
patterns,entity,[],[],Node
off,entity,[],[],Node
anomaly,entity,[],[],Node
nothing,entity,[],[],Node
eyes,entity,[],[],Node
approval,entity,[],[],Node
intellect,entity,[],[],Node
uncertainty,entity,[],[],Node
arrival,entity,[],[],Node
gait,entity,[],[],Node
confidence,entity,[],[],Node
motives,entity,[],[],Node
footsteps,entity,[],[],Node
rhythm,entity,[],[],Node
link,entity,[],[],Node
mutuality,entity,[],[],Node
They had all been brought here by different paths and for different reasons.,event,[],[],Node
"beneath the veneer of duty, the enticement of the vast unknown pulled them inexorably together",event,[],[],Node
"They refocused their efforts, each movement sharpened by the knowledge that beyond understanding the unearthly artifacts, they might be piecing together the future of their species.",event,[],[],Node
the blink of lights and whir of machinery,event,[],[],Node
"the liminal space between the facts laid out and the hidden truths, sat Sam Rivera, his demeanor an artful balance of focus and a casual disguise of his razor-sharp talent with technology.",event,[],[],Node
Amidst the sterility of the briefing room,event,[],[],Node
"'You've been quiet, Sam,' Alex noted, catching the younger man's contemplative gaze.",event,[],[],Node
"Sam nodded, recognizing the space afforded to him",event,[],[],Node
"Sam nodded, recognizing the space afforded to him.",event,[],[],Node
he couldn't help but feel the weight of expectation pressing upon his shoulders,event,[],[],Node
Alex's eyes brightened with a subtle approval that crossed the distance like a silent nod.,event,[],[],Node
"'Good. Keen eyes will keep us ahead—or at least not blindsided,' he said",event,[],[],Node
"Taylor Cruz's abrupt arrival, his gait brimming with a robust confidence that veiled the sharp undercurrents of his striving nature.",event,[],[],Node
"'Time to gear up. Dulce waits for no one,' Taylor announced",event,[],[],Node
"As Sam and Alex nodded in unison, the icy chasm of hierarchy and cryptic protocols seemed momentarily to bridge over with an understanding—this mission was convergence, a nexus point that would challenge each of their motives and strength.",event,[],[],Node
They filed out of the briefing room,event,[],[],Node
"They filed out of the briefing room, their footsteps synchronized, a rhythm that spoke volumes of the unknown cadence they would soon march to within the base's veins.",event,[],[],Node
"For Alex Mercer, the link with Sam Rivera, though distant, was now poised with a mutuality ready to face the unknown",event,[],[],Node
"Sam Rivera sat in the briefing room, his demeanor an artful balance of focus and a casual disguise of his razor-sharp talent with technology.",event,[],[],Node
"Alex Mercer lingered in thought, the mental cogs turning as each file on Dulce stirred more than curiosity—it beckoned to a past both honored and burdensome.",event,[],[],Node
"Alex noted, catching the younger man's contemplative gaze, 'You've been quiet, Sam.'",event,[],[],Node
"Sam nodded, recognizing the space afforded to him, and he couldn't help but feel the weight of expectation pressing upon his shoulders.",event,[],[],Node
"Sam admitted, hesitant but driven, 'The patterns are... off.'",event,[],[],Node
Taylor Cruz's abrupt arrival cut short their exchange.,event,[],[],Node
"Taylor announced, his voice carrying an iron resolve, 'Time to gear up. Dulce waits for no one.'",event,[],[],Node
Sam and Alex nodded in unison.,event,[],[],Node
"They filed out of the briefing room, their footsteps synchronized.",event,[],[],Node
initiative,entity,[],[],Node
they,entity,[],[],Node
alone,entity,[],[],Node
joined,entity,[],[],Node
embrace,entity,[],[],Node
"The initiative pulsed like a heartbeat, anticipation thinly veiled behind a mask of duty.",event,[],[],Node
Taylor Cruz was to be tested.,event,[],[],Node
They were each alone yet irrevocably joined.,event,[],[],Node
They were stepping closer towards the volatile embrace of Operation: Dulce.,event,[],[],Node
Taylor Cruz felt the initiative like a heartbeat,event,[],[],Node
Anticipation was thinly veiled behind a mask of duty,event,[],[],Node
Anticipation,entity,[],[],Node
They were each alone yet irrevocably joined,event,[],[],Node
They,entity,[],[],Node
They were stepping closer towards the volatile embrace of Operation: Dulce,event,[],[],Node
