node,conceptualized_node,node_type
"They stood in a tight pack, sharing a cautious glance before fanning out into the unknown, each one acutely aware that the truth was inevitably intertwined with danger.","caution, danger, uncertainty, vigilance, survival",event
"They refocused their efforts, each movement sharpened by the knowledge that beyond understanding the unearthly artifacts, they might be piecing together the future of their species.","discovery, unraveling, future, understanding, evolution",event
"Alex's response was measured, more assertive than moments ago.","assertion, change, response, shift, calmness",event
Jordan Hayes offered a supportive nod to Alex.,"encouragement, support, empathy, kindness",event
"And for a person of science, a gamble was worth the potential paradigm shift.","risk, gamble, discovery, shift, innovation",event
"To think that this reluctance to accept other possibilities may have been my biggest blind spot, Jordan contemplated, feeling the hard shell of skepticism begin to crack.","contemplation, self, discovery, introspection, epiphany",event
"Taylor announced, his voice carrying an iron resolve, 'Time to gear up. Dulce waits for no one.'","declaration, resolve, preparation, determination, warning",event
'The quest for understanding always comes at a price. We're standing on the precipice of knowledge that could either elevate us or condemn us.',"discovery, warning, elevation, knowledge, danger",event
"As Alex turned to leave, Sam's eyes drifted back to the screens, now seeing them not as barriers to isolate behind, but as windows into the vast and enigmatic challenge that awaited their team.","teamwork, distraction, isolation, challenge, focus",event
Taylor snorted dismissively.,"disdain, dismissal, rejection",event
"Sam was the first to react, their tech-savvy mind already steps ahead.","reaction, thinking, anticipation, awareness, preparedness",event
"A restlessness that nibbled on the edges of reality, as though forewarning of the threshold they were soon to cross — from the known into the realm of cosmic secrets and silent threats.","threshold, cosmic, secrets, warning, approach",event
Taylor Cruz reprimanded the team for speculation.,"reprimand, discipline, scolding, reprimand, warning",event
"'Acknowledged, Agent Cruz,' he replied, his voice steadier, mirroring the transformation brewing within.","acknowledgment, transformation, confirmation, change, acceptance",event
"Alex's submission, though seemingly complete, didn't escape Jordan, who tilted their head ever so slightly, their eyes revealing a spark of understanding.","submission, review, discovery, understanding",event
"The drone lingered, its scan seeming more curious than hostile","exploration, surveillance, scanning, hovering",event
Taylor Cruz was to be tested.,"exam, challenge, test, assessment, evaluation",event
"‘Move out,’ they directed, a hint more forceful than before.","eviction, warning, eviction notice",event
"The elevator came to a halting, eerie calm at the sub-level.","halt, calm, descent, pause, silence",event
"Sam regarded Alex for a moment, the sincerity in his voice resonating with their own unspoken desire to prove their worth.","regard, introspection, sincerity, validation, selfworth",event
"Surrounded by the glow of multiple screens, their eyes danced across lines of code and intercepted comm signals from Dulce — a kaleidoscope of data that their curious and isolated mind hungered to decrypt.","hacking, coding, surveillance, intercept, decryption",event
"Their laughter served as a brief respite from the gravity of their mission, a shared moment that reinforced their common humanity amidst the unknowable.","shared moment, humanity, connection, relief, camaraderie",event
Sam and Alex nodded in unison.,"agreement, consensus, nodding, synchrony, unity",event
"Without a word, they fortified their resolve and stepped through the threshold, where the dim glow of operational LED lights and the distant hum of machinery hinted at Dulce’s still-beating heart.","entry, resolution, determination, progress, initiation",event
Alex agreed with Taylor Cruz that protocol was paramount.,"agreement, consent, approval, protocol, cooperation",event
"It was Jordan Hayes who paused at an innocuous looking panel, nondescript amongst the gauntlet of secured doorways.","access, security, pause, discovery",event
They fortified their resolve and stepped through the threshold,"determination, resolve, transition, passage, courage",event
"Sam was the first to react, their tech-savvy mind already steps ahead","react, initiative, progress, innovation, anticipation",event
"Sam nodded, recognizing the space afforded to him","recognition, space, freedom, acceptance",event
"It was Taylor Cruz’s voice, laced with an edge that demanded attention.","command, dominance, voice, authority",event
"'Our tech is top-tier, but the silence from Dulce... It's not just technology that will see us through, it's intuition and... trust.'","silence, trust, intuition, technology, secrecy, dulce, mystery",event
"Every agent checked their gear, sending confirmation signals through their comms, creating a chorus of electronic beeps that promised readiness.","preparation, readiness, check, confirmation, signals",event
"Sam Rivera piped in with a tone of balanced levity, 'Hope everyone’s brought their good luck charms. Something tells me we’re going to need all the help we can get.'","drama, humor, warning, fortune, luck",event
"The weight of the thick metal door closing behind them reverberated through the concrete hallway, marking the final threshold between the familiar world above and the strangeness that lay beneath.","separation, isolation, confinement, transition, descent",event
"Sam's voice crackled through, only half-jest. 'I'd laugh if we run into Martians playing poker down there—just to lighten the mood, you know?'","space, aliens, poker, humor, laughter",event
"Sam, fiddling with a handheld device aimed at detecting electronic anomalies, offered a murmured 'Copy that,'","investigation, scanning, detection, surveillance, monitoring",event
"The cybersecurity expert craned their neck upwards, met by the ever-so-slight furrow in Alex's brow.","gaze, tension, suspicion, interaction, scrutiny",event
"Once we're down there, keep that analytical edge sharp. You see through the mazes of the unexplained better than anyone.","investigation, analysis, mystery, puzzle, insight",event
"Feeling the weight of his compliance conflicting with his natural inclination to leave no stone unturned, Alex straightened in his seat.","defiance, tension, conflict, duty, resolve",event
"Sam Rivera, never one to submit to quiet, added, 'I’ve combed through the last transmission logs. If anyone can make sense of the anomalies, it’s going to be the two of you.'","investigation, analysis, anomaly, mission, discovery",event
"Sam Rivera sat alone in a cramped office, the hum of a dozen servers murmuring a digital lullaby in the background.","isolation, monotony, solitude, boredom, technology",event
They were stepping closer towards the volatile embrace of Operation: Dulce.,"stepping, approach, invasion, secrecy, conspiracy",event
"Yet, to the trained eye, it appeared out of place—a facade","deception, facade, disguise, illusion, concealment",event
"The group stepped off, finding themselves at the threshold of Dulce's mysterious halls.","exploration, discovery, entrance, threshold, mystery",event
"'What we understand about physics...' they muttered, trailing off as they realigned a translucent component.","experiment, tinkering, engineering, research, adjustment",event
"The team was descending into the earth, carrying with them not only the weight of their equipment but also the silent pressure of the invisible war they were about to fight—a war that seemed to edge away from physicality and into the unnervingly psychological.","descent, pressure, war, conflict, exploration",event
"Like lambs led to an altar of alien deities, so did Agents Alex Mercer, Jordan Hayes, Taylor Cruz, and Sam Rivera proceed, their movements measured, their senses heightened.","ritual, sacrifice, abduction, possession, invasion",event
"As Sam and Alex nodded in unison, the icy chasm of hierarchy and cryptic protocols seemed momentarily to bridge over with an understanding—this mission was convergence, a nexus point that would challenge each of their motives and strength.","unison, convergence, understanding, challenge, cooperation",event
"Alex turned, his features a mask of uneasy resolve.","turn, decision, resolve, tension, conflict",event
"The team pressed onward, the quiet now filled with the soft beeps of regular comms checks, their pace undeterred by the confrontation.","confrontation, advancement, perseverance, communication, mission",event
"'I’ve been thinking,' Alex started, his eyes still fixed on the immediately tangible mystery before them.","contemplation, introspection, discovery, mystery, investigation",event
"A comfortable silence, the kind that threaded between veterans of shared secrets, lingered briefly.","silence, secrets, bond, trust, nostalgia",event
"The air was still, almost respectful of the gravity of their presence.","serenity, calmness, stillness, reverence, solemnity",event
"Jordan glanced up, meeting his eyes just long enough to convey the shared enormity of their situation, the career-defining glory and existential dread entwined.","confrontation, rivalry, meeting, stare, tension",event
"Cruz’s voice trailed off as the small airborne device came into view, its sensors locked onto the group.","surveillance, detection, pursuit, capture, confrontation",event
"For Alex Mercer, the link with Sam Rivera, though distant, was now poised with a mutuality ready to face the unknown","reunion, connection, bond, unity, mutualism",event
"Jordan explained their reasoning as Sam approached, instinctively understanding the significance of what lay beneath, 'This panel is a recent addition — covering something they didn't want found.'","revelation, discovery, uncovering, secrecy, mystery",event
Alex Mercer stood gazing at the concealed elevator that would deliver them into the bowels of Dulce base.,"infiltration, stealth, espionage, surveillance, infiltration",event
They were each alone yet irrevocably joined,"union, connection, togetherness, bond, marriage",event
"'Good. Keen eyes will keep us ahead—or at least not blindsided,' he said","caution, warning, vigilance, preparedness, foresight",event
"Shadows played against the walls of the cramped underground meeting room, where Alex Mercer stood gazing at the concealed elevator that would deliver them into the bowels of Dulce base.","conceal, espionage, infiltration, surveillance, secrecy",event
"The drone lingered, its scan seeming more curious than hostile.","exploration, hovering, surveillance",event
he couldn't help but feel the weight of expectation pressing upon his shoulders,"pressure, burden, stress, expectation, weight",event
"The team pressed onward, the quiet now filled with the soft beeps of regular comms checks","navigation, progression, communication, coordination",event
"Alex Mercer lingered in thought, the mental cogs turning as each file on Dulce stirred more than curiosity—it beckoned to a past both honored and burdensome.","reflection, introspection, contemplation, remembrance, nostalgia",event
The sincerity in his voice resonating with their own unspoken desire to prove their worth.,"emotional, sincerity, resonance, worth, desire, connection",event
"'Details are imperative. We’ll need your clear-headedness down there, Mercer.'","mission, briefing, assignment, operation",event
"Sam nodded, recognizing the space afforded to him.","recognition, acceptance, awareness, understanding, realization",event
The thrumming of monitors cast a stark contrast to the rigid silence enveloping the group.,"contrast, silence, tension, monitoring, surveillance",event
"Jordan, always composed, only allowed the faintest furrow of concentration to mar their brow.","composure, calmness, focus, poise, control",event
They had all been brought here by different paths and for different reasons.,"asylum, refuge, sanctuary, reunion, unity",event
"'Hayes, Mercer, this isn't philosophy hour. Focus on the task. We need actionable intel, not daydreams.'","reprimand, focus, productivity, task, urgency",event
"With dulled eyes, he scanned the projectors outlining their impending odyssey into Operation: Dulce.","scanning, odyssey, operation, exploration, invasion",event
It wasn't the mechanical stutter of old gears but a vibration that seemed to emanate from the very walls of the shaft—a whisper of something that defied natural explanation.,"paranormal, anomaly, mystery, phenomenon, vibration",event
"They moved deeper into the heart of the enigma, ready to unmask the lifeforce of Dulce base","investigation, discovery, unmasking, infiltration, uncovering",event
"Solemnly, yet unmistakably together, they moved deeper into the heart of the enigma, ready to unmask the lifeforce of Dulce base or confront whatever existential threat lay in wait.","exploration, discovery, investigation, confrontation, threat",event
"A comfortable silence, the kind that threaded between veterans of shared secrets, lingered briefly before Sam Rivera, never one to submit to quiet, added, 'I’ve combed through the last transmission logs. If anyone can make sense of the anomalies, it’s going to be the two of you.'","confrontation, revelation, discussion, analysis, investigation",event
"Despite—or perhaps because of—the oddity of the moment, this elicited a round of chuckles, an audible release of tension that ran counterpoint to the undercurrent of anxiety coursing through the team.","laughter, relief, tension, release, anxiety",event
"Cruz was the first to react, all business despite the shadow that crossed their expression.","reaction, alert, surprise, reaction, tension",event
"Jordan looked up, and for a fleeting heartbeat, their eyes locked with Taylor's, a wordless clash of wills softening into an uneasy truce.","gaze, encounter, standoff, truce, confrontation",event
"Alex flickered a strained smile, still thumbing his folder's corner.","anxiety, stress, frustration, fidgeting, tension",event
Their laughter served as a brief respite from the gravity of their mission.,"relief, respite, distraction, momentary, break",event
"Taylor snorted dismissively. 'Focus, people. We have protocols for a reason. Speculation is counter-productive.'","criticism, warning, protocol, discipline",event
Jordan explained their reasoning as Sam approached,"explaining, approaching, conversation, clarification, explanation",event
The crackle of the comms system coming to life that cut through the lab’s tension.,"communication, alert, relief, distraction, activation",event
"As they descended, Dr. Jordan Hayes couldn't help but muse over the layers of data that could wait below, now almost longing for the comfort of empirical evidence.","descent, curiosity, longing, evidence, discovery",event
"As the elevator came to a halting, eerie calm at the sub-level, the group stepped off, finding themselves at the threshold of Dulce's mysterious halls.","arrival, discovery, exploration, threshold, mystery",event
"'You've been quiet, Sam,' Alex noted, catching the younger man's contemplative gaze.","quiet, contemplation, observation, notice, reflection",event
"Agent Alex Mercer watched, admiration blooming in silent solidarity for Jordan's deft touch and unspoken drive.","admiration, solidarity, admiration, respect, recognition, approval, appreciation",event
"With a sound of restrained acknowledgment, Jordan returned their gaze to the device, while Alex clenched his jaw, the buzz of frustration dull against the backdrop of Taylor's authoritarian certainty.","tension, conflict, authority, frustration, disagreement",event
'Could be fundamentally changed by this.',"revolution, transformation, change, impact, shift",event
"'I've felt that way since the briefing. Like there's a layer we’re not seeing. And yet, we have no choice but to play along.'","conspiracy, deception, secrecy, intrigue, manipulation",event
"Cruz squared their shoulders, clearly ruffled but not conceding any ground","standing, defiance, bravery, challenge, confrontation",event
"Before Alex could respond, the soft whir of an approaching drone cut through their muffled exchange.","surprise, interruption, invasion, distraction, encounter",event
They were stepping closer towards the volatile embrace of Operation: Dulce,"confrontation, invasion, occupation, battle, assault",event
"They filed out of the briefing room, their footsteps synchronized, a rhythm that spoke volumes of the unknown cadence they would soon march to within the base's veins.","march, briefing, cadence, synchronized, deployment",event
"The words 'counter-productive' seemed to hang in the air, a tacit reprimand directed at Alex.","reprimand, criticism, warning, caution, confrontation",event
"Jordan Hayes, perched on the opposite side of the table, narrowed their eyes but offered a supportive nod.","conflict, tension, support, nod, interaction",event
"Cruz was the first to react, all business despite the shadow that crossed their expression. 'Systems check. Now,' they barked out, masking the moment of disquiet with swift command.","command, control, reaction, urgency, mask, alert",event
"'Of course not, Agent Cruz. Just trying to soak in all the details.'","conversation, dialogue, investigation",event
"Alex Mercer, whose encroaching shadow loomed over Sam's workspace.","menace, shadow, invasion, threat, darkness",event
Anticipation was thinly veiled behind a mask of duty,"deception, duty, tension, restraint, anticipation",event
"Their eyes locked with Alex's, silently exchanging a vow to remain vigilant.","gaze, vow, vigilance, commitment, promise",event
"The underlying dismissal earlier seemed to falter, replaced by a glimpse of reluctant respect for the gravity of what lay in their hands.","change, respect, shift, gravity, realization",event
"A comfortable silence, the kind that threaded between veterans of shared secrets, lingered briefly before Sam Rivera, never one to submit to quiet, added,","silence, pause, reflection, conversation, revelation",event
"Alex hesitated, weighing his words carefully. 'Our tech is top-tier, but the silence from Dulce... It's not just technology that will see us through, it's intuition and... trust.'","reflection, consideration, trust, intuition, negotiation",event
"Without a word, they fortified their resolve and stepped through the threshold,","resolve, determination, courage, step, threshold",event
"Agent Alex Mercer, unfailingly determined on paper, seemed dwarfed by the enormity of the sterile briefing room where Paranormal Military Squad's elite convened.","briefing, mission, deployment, briefing room, elite meeting",event
"As everyone began to collect their binders and prepare for departure, a quiet resolve took form within Alex, galvanized by the groundwork laid by their interactions.","resolve, departure, bond, growth, transformation",event
"The initiative pulsed like a heartbeat, anticipation thinly veiled behind a mask of duty.","initiative, pulse, duty, anticipation, heartbeat",event
"Taylor Cruz, stepping firmly into the role of de facto leader, set a brisk pace.","leadership, authority, momentum, pace, command",event
"Alex joined Jordan's side, examining the panel","teamwork, collaboration, investigation, analysis, assistance",event
"He may have spoken in compliance, but his determination had merely taken a subtler form — one that wouldn't surrender so easily to the forthcoming shadows.","determination, defiance, resistance, subtlety, surrender",event
"About what’s at stake here. Not the mission parameters, but what this means for us—humanity.","existential, survival, humanity, consequence, fate",event
"The device emitted a low pulse, causing Jordan to still.","static, pause, shock, silence, freeze",event
Taylor Cruz asked Agent Mercer if he was having second thoughts.,"inquiry, questioning, doubt, uncertainty",event
Their usual buoyancy dimmed by the oppressive atmosphere.,"mood, depression, gloom, darkness, despair",event
Dr. Jordan Hayes couldn't help but muse over the layers of data that could wait below.,"musing, discovery, exploration, investigation, research",event
The soft whir of an approaching drone cut through their muffled exchange,"surveillance, invasion, interruption, disturbance, eavesdropping",event
Alex's eyes brightened with a subtle approval that crossed the distance like a silent nod.,"connection, approval, nod, recognition, understanding",event
"Sam admitted, hesitant but driven, 'The patterns are... off.'","admission, concern, discovery",event
Sam Rivera added that Alex and Jordan were going to make sense of the anomalies.,"analysis, investigation, anomalies, sense, discovery",event
the blink of lights and whir of machinery,"industrial, machinery, noise, chaos, commotion",event
"beneath the veneer of duty, the enticement of the vast unknown pulled them inexorably together","attraction, seduction, allure, temptation, longing",event
"It was an affirmation, but beneath it lay layers of unspoken complexities that would undoubtedly unwind with time.","affirmation, complexity, unfolding, nuance, revelation",event
"'Focus, people. We have protocols for a reason. Speculation is counter-productive.'","briefing, warning, caution, protocol, order",event
"A shudder ran through the elevator, subtle, but enough to make them instinctively hold their breaths.","scare, tension, shock, fear, panic",event
Taylor had looped back upon hearing the commotion.,"turn, reversal, loop, change",event
"'Time to gear up. Dulce waits for no one,' Taylor announced","preparation, urgency, announcement, waiting, warning",event
"Yet, every agent held a renewed sense of wariness, their trust in one another deepening with the knowledge that the base—its technology, its secrets—was alive in a way they hadn't fully anticipated.","unease, mistrust, uncertainty, awakening, discovery",event
Taylor Cruz felt the initiative like a heartbeat,"initiative, heartbeat, momentum, drive, passion",event
"The cooling vents hummed in a monotonous drone, but it was the crackle of the comms system coming to life that cut through the lab’s tension.","reboot, alert, tension, communication, alarm",event
The team began to collect their binders and prepare for departure.,"packing, preparation, departure, farewell",event
Taylor Cruz's abrupt arrival cut short their exchange.,"arrival, interruption, cut, interruption, sudden, entry",event
"Alex noted, catching the younger man's contemplative gaze, 'You've been quiet, Sam.'","confrontation, warning, silence, observation, tension",event
"Jordan Hayes who paused at an innocuous looking panel, nondescript amongst the gauntlet of secured doorways.","security, pause, inspection, access, control",event
"Their shared silence held a newfound understanding, a recognition that between the ones and zeros, it was their combined human insights that might prevail against the impossible.","realization, connection, insight, understanding, triumph",event
"Jordan said, the words carrying a trace of newfound assertiveness.","assertiveness, confidence, speech, tone, statement",event
"'About what’s at stake here. Not the mission parameters, but what this means for us—humanity.'","reflection, humanity, mission, stakes, existence",event
Amidst the sterility of the briefing room,"sterility, isolation, confinement, boredom, monotony",event
"The crew exhaled, a moment of collective relief palpable in the air.","relief, exhalation, release, calm, respite",event
"To an outsider, it might have looked like obsession, this fervent quest for answers.","search, inquiry, pursuit, obsession, discovery",event
"They filed out of the briefing room, their footsteps synchronized.","marching, procession, exit, synchrony, discipline",event
"His gaze pierced through the digital haze, trying to instill something more profound than advice.","reflection, insight, wisdom, advice, contemplation",event
"'I agree, Agent Cruz. Protocol is paramount,' he said, meeting Taylor's steely gaze.","agreement, protocol, meeting, confirmation, approval",event
"'If this tech can be understood...' Taylor said, their voice quieter, 'It could change the game for us. For all of us.'","understanding, breakthrough, revelation, discovery, impact",event
"'It's like we're being pulled into someone else’s game. Not just observers or participants, but... pawns.'","game, manipulation, control, pawn, conspiracy",event
"The air was thick, every breath laced with the weight of impending confrontation, the kind one feels when stepping into a legend.","legend, confrontation, tension, suspense, ominousness",event
"Dr. Jordan Hayes hovered over a table arrayed with alien technology, their fingers delicately probing the enigmatic circuitry retrieved from the crash site.","investigation, discovery, analysis, probing, retrieval",event
"Alex caught Jordan's reflective gaze and leaned in, his voice barely a murmur over the hum of the elevator.","romance, intimacy, attraction, whisper, closeness",event
"'You two need to cut the philosophical chatter. We have positions to secure,' Taylor Cruz interjected sharply, stepping into their exchange.","interruption, warning, assert, dominance, command",event
"It was this competitive undercurrent that kept him alert, the sense that his and Jordan's shared commitment to discovery was an unspoken rebellion against Cruz's narrowing vision of control and order.","rebellion, defiance, control, power, resistance",event
The compliment was unexpected and weighed differently than praise from others.,"self-esteem, appreciation, recognition, validation, praise",event
"The compliance in his tone was unsettling, even to himself.","unease, hypocrisy, dishonesty, deception, insincerity",event
The charged air between them spiked as Taylor Cruz’s brusque tones sliced through their reverie.,"tension, conflict, drama, silence, shock",event
Agent Alex Mercer seemed dwarfed by the enormity of the sterile briefing room where Paranormal Military Squad's elite convened.,"elite gathering, briefing, squad, meeting, authority",event
"Alex joined Jordan's side, examining the panel which, at a mere glance, seemed just another part of the base's infrastructure.","allyship, inspection, surveillance, investigation",event
"Sam Rivera piped in with a tone of balanced levity, 'Hope everyone’s brought their good luck charms.'","good luck, humor, levity, charm, speech",event
"As they congregated at the elevator, a tension palpable, Sam Rivera piped in with a tone of balanced levity, 'Hope everyone’s brought their good luck charms. Something tells me we’re going to need all the help we can get.'","joke, tension, levity, luck, humor",event
"Sam Rivera sat in the briefing room, his demeanor an artful balance of focus and a casual disguise of his razor-sharp talent with technology.","briefing, meeting, strategy, tech, talent",event
"Sam's voice crackled through, only half-jest, 'I'd laugh if we run into Martians playing poker down there—just to lighten the mood, you know?'","joking, teasing, humor, space, poker",event
They knew well enough the struggle of aligning personal convictions with overarching missions.,"conflict, dilemma, struggle, alignment, compromise",event
"Alex hesitated, weighing his words carefully.","hesitation, deliberation, pause, consideration, thought",event
"Their torch beams sliced through the darkness, uncovering steel doors with warnings that spoke of top secrets and mortal dangers.","exploration, danger, discovery, secrets, darkness",event
"Jordan Hayes remarked, approaching Mercer.","approach, greeting, interaction",event
"Outside the office, the persistent buzz of activity in the facility belied the unease that gripped its inhabitants.","unease, tension, stress, anxiety, chaos",event
Jordan Hayes showed understanding of Alex's struggle with compliance.,"empathy, support, understanding, struggle, compliance",event
"Sam, it was a dance — a give and take with the mysteries of the universe.","dance, movement, rhythm, cosmos, universe",event
"But there was an unspoken question among them: was their technology, their weaponry, their protocols sufficient for what awaited them or merely a fragile comfort?","doubt, uncertainty, readiness, preparedness, vulnerability",event
"Into the depths of Dulce, the team advanced, their silence now a shared testament to the camaraderie born of facing the abyss together—and the steel resolve to uncover whatever horrors lay hidden in its shadows.","exploration, teamwork, camaraderie, resolution, discovery",event
A calculated risk—that's what this was.,"risk, gamble, decision, calculation, uncertainty",event
"Mercer, Rivera, come see this,' Jordan’s voice was marked with a rare hint of urgency.","urgency, invitation, surprise, alert, announcement",event
"'I’ve combed through the last transmission logs. If anyone can make sense of the anomalies, it’s going to be the two of you.'","analysis, investigation, anomalies, discovery, collaboration",event
"Eyes sharp, people. Comms check, every thirty seconds,' Taylor ordered, their voice echoing slightly before being swallowed by the surrounding silence.","mission, communication, stealth, vigilance, secrecy",event
"Jordan gave a short nod, their analytical mind colliding with the uncertain dynamics of this operation.","agreement, analysis, conflict, decision, uncertainty",event
Then Taylor did something unexpected.,"surprise, twist, unexpected, surprise, turn",event
They filed out of the briefing room,"exit, briefing, departure, protocol, dismissal",event
"exchange was cut short by a shudder that ran through the elevator, subtle, but enough to make them instinctively hold their breaths.","unease, alarm, shock, halt, pause",event
"Cruz squared their shoulders, clearly ruffled but not conceding any ground.","standing, confrontation, bravery, defiance, strength",event
"Taylor Cruz, stepping firmly into the role of de facto leader, set a brisk pace. 'Eyes sharp, people. Comms check, every thirty seconds,' Taylor ordered, their voice echoing slightly before being swallowed by the surrounding silence.","assumption, briefing, leadership, order, directive",event
Jordan Hayes paused at an innocuous looking panel,"discovery, pause, investigation, curiosity, revelation",event
"Sam nodded, recognizing the space afforded to him, and he couldn't help but feel the weight of expectation pressing upon his shoulders.","recognition, weight, expectation, pressure, awareness",event
"They converged upon a central hub, the imposing doors to the mainframe room stood ajar","convergence, invasion, breach, access, infiltration",event
"The imposing doors to the mainframe room stood ajar — an invitation or a trap, neither option comforting.","access, invitation, uncertainty, threat, vulnerability",event
"Taylor Cruz interjected sharply, stepping into their exchange.","interrupt, intervene, dispute, confrontation, entering",event
"The stillness of the room broke with the unexpected arrival of Alex Mercer, whose encroaching shadow loomed over Sam's workspace.","arrival, interruption, invasion, shadow, surprise",event
"Dulce base, a name that had been whispered in the wind-blown deserts above and in the shadowed corners of conspiracy forums, now a tangible cold reality that they could touch — and that touched them back with a chill.","whisper, secrecy, conspiracy, desert, chill",event
It was a small transformation.,"change, evolution, growth, metamorphosis, shift",event
Alex flickered a strained smile and replied that he was not having second thoughts.,"reassurance, denial, confidence, sincerity, calmness",event
"They paused beside Jordan and, for a moment, observed the device with something akin to reverence.","adoration, reverence, worship, reverence, observation",event
They were each alone yet irrevocably joined.,"union, bond, connection, tie, unity",event
"They barked out, 'Systems check. Now,' masking the moment of disquiet with swift command.","orders, command, urgency",event
"Their fingers paused over the keyboard as they leaned back in the chair, whispering to thin air, 'What secrets are you hiding from us?'","inquiry, suspense, revelation, questioning, mystery",event
"the liminal space between the facts laid out and the hidden truths, sat Sam Rivera, his demeanor an artful balance of focus and a casual disguise of his razor-sharp talent with technology.","investigation, deception, inquiry, concealment, analysis",event
"Taylor Cruz's abrupt arrival, his gait brimming with a robust confidence that veiled the sharp undercurrents of his striving nature.","arrival, confidence, swagger, presence, dominance",event
"'I know what you're thinking,' Jordan Hayes remarked, approaching Mercer. Their voice was low, a blend of confidence and hidden apprehension.","confrontation, approach, tension, warning, inquiry",event
gait,"stride, walk, pace, movement, gait, step",entity
The lab,"lab, space, room, area",entity
The device,"device, object, gadget, tool",entity
the drone,"drone, aircraft, robot, machine, device",entity
altar,"place, structure",entity
base's infrastructure,"infrastructure, system, framework",entity
joined,"verb, action, event, occurrence, joining",entity
hallway,"space, corridor",entity
alone,"state, condition, status",entity
paths,"ways, routes",entity
pace,"pace, speed, tempo",entity
digital haze,"digital fog, mist, effect, phenomenon",entity
transmission logs,"records, logs, data",entity
space,"void, emptiness, vacuum",entity
Dr. Jordan Hayes,"scientist, doctor, character, person, researcher",entity
determination,"trait, characteristic, quality, attribute",entity
imposing doors,"doors, entrance, gateway",entity
motives,"reasons, goals, purposes",entity
Sam,"person, character, human, individual",entity
link,"connection, bond, tie",entity
servers,"equipment, hardware, machines",entity
office,"space, room, place, location",entity
panel,"panel, surface, board",entity
information,"data, knowledge, content, facts",entity
Operation: Dulce,"conspiracy, operation, event, project",entity
Dulce base,"legend, facility, base, location, site",entity
dwarfed,"adjective, word, term",entity
Jordan Hayes,"person, actor, celebrity, performer",entity
rhythm,"music, beat, cadence",entity
mission,"trust, goal, task, objective",entity
patterns,"patterns, design, style, form",entity
Agents Alex Mercer,"agents, character, protagonist, player",entity
elevator,"elevator, lift, device, mechanism",entity
initiative,"initiative, project, plan, effort",entity
projectors,"projectors, devices, technology",entity
intuition,"instinct, feeling, insight",entity
group,"team, group, people, organization",entity
doors,"openings, entrance, exit, passage",entity
The comms system,"system, communication, network, device, tool",entity
alien technology,"technology, gadget, device, innovation, sci-fi, equipment, machinery",entity
the team,"team, group, squad",entity
Paranormal Military Squad,"team, squad, unit, organization, military, force",entity
curiosity,"curiosity, interest, emotion, feeling, sensation, intrigue",entity
pawns,"pieces, game, chess",entity
drone,"device, aircraft, robot, vehicle",entity
Cruz,"person, name, character, figure",entity
embrace,"action, gesture, movement",entity
door,"entry, barrier, access, passage, opening, threshold",entity
their gear,"equipment, gear, tools",entity
duty,"obligation, responsibility",entity
gear,"machine, device, tool, component",entity
Alex Mercer,"person, character, hero, protagonist",entity
Mercer,"person, character, actor, name",entity
compliance,"obligation, duty, adherence",entity
facts,"truths, data, information",entity
anticipation,"emotion, feeling, expectation",entity
mainframe room,"room, space, area",entity
central hub,"hub, center, location",entity
rifle,"weapon, firearm, gun",entity
translucent component,"component, part, element",entity
compliment,"praise, acknowledgment",entity
sensors,"sensors, detectors, equipment",entity
command,"order, instruction",entity
voice,"sound, tone",entity
mutuality,"relation, connection, bond",entity
off,"patterns, concept, idea, notion",entity
Agents,"agents, group, team, organization",entity
Paranormal Military Squad's elite,"team, squad, unit, military, elite",entity
team,"group, crew, unit",entity
protocol,"rules, guideline",entity
here,"place, location, spot, area, site",entity
uncertainty,"doubt, concept, feeling, idea, notion, ambiguity",entity
threshold,"limit, boundary",entity
Alien technology,"technology, device, equipment, gadget, machinery, innovation",entity
facility inhabitants,"people, residents, occupants, dwellers",entity
Alex,"person, character, individual, human",entity
significance,"meaning, importance, concept, value",entity
the steel doors,"doors, barrier, metal, gates",entity
confidence,"feeling, emotion",entity
efforts,"efforts, endeavors, attempts",entity
physics,"science, subject, field",entity
the group,"people, group, team, crew",entity
Martians,"beings, aliens, creatures",entity
Anticipation,"emotions, feelings, concept",entity
nothing,"absence, void, emptiness, concept, idea",entity
data,"information, knowledge, content",entity
Agent Mercer,"character, actor, person",entity
Rivera,"artist, painter, artist",entity
resolve,"resolve, problem, issue, solution, answer",entity
attention,"attention, focus, concentration",entity
expectation,"pressure, stress, weight, burden",entity
Dr. Jordan Hayes and Agent Alex Mercer,"characters, actors, people",entity
workspace,"area, space, room",entity
the concrete hallway,"hallway, space, passage, corridor, room",entity
Jordan,"person, athlete, player, champion, icon",entity
mask,"face, disguise, cover",entity
briefing room,"meeting, room, space, area, chamber",entity
screens,"displays, monitors",entity
agents,"people, workers, employees",entity
protocols,"communication, rules, standards",entity
Alex Mercer's struggle,"struggle, conflict, fight",entity
neck,"neck, part, body, anatomy",entity
struggle,"challenge, conflict, ordeal",entity
files,"documents, records, papers",entity
expression,"emotion, feeling, sentiment",entity
thought,"idea, concept, notion",entity
truths,"facts, reality, truths",entity
Agent Cruz,"character, agent, person",entity
footsteps,"rhythm, beat",entity
Dulce's mysterious halls,"halls, corridors, rooms, space, area, place, interior",entity
understanding,"knowledge, insight",entity
help,"luck, assistance",entity
Dulce,"dulce, base, facility, location, site",entity
approval,"approval, consent, permission, agreement",entity
Taylor Cruz,"person, character, actor",entity
mind,"mind, brain, consciousness, awareness",entity
support,"help, aid",entity
trust,"institution, bond, relationship, faith, confidence",entity
Agent Alex Mercer,"character, person, protagonist, hero, individual",entity
the agents,"agents, operatives, team, group, personnel",entity
anomaly,"abnormality, irregularity, peculiarity",entity
shudder,"thrill, fear, anxiety",entity
ajar,"doors, position, state",entity
spark,"spark, flame, fire",entity
luck,"good fortune, chance, luck",entity
the elevator,"elevator, lift, mechanism",entity
intellect,"mind, brain, thought, reasoning, wisdom, knowledge",entity
something,"panel, object",entity
Taylor,"person, name, character, individual",entity
Sam Rivera,"person, character, actor, individual",entity
inward nod,"gaze, nod, signal",entity
device,"device, gadget, object, tool",entity
They,"pronoun, group, entity, people",entity
unknown,"mystery, enigma, secret, puzzle",entity
Agent Alex Mercer's eyes,"eyes, organs, vision",entity
desires,"longing, wants, needs, cravings",entity
arrival,"event, moment, time, occurrence",entity
their comms,"communications, system, network, device",entity
monitors,"electronic, display, screens, devices, equipment, appliances, gadgets",entity
tone,"music, sound, pitch",entity
they,"people, group, entity",entity
The crash site,"site, wreckage, crash, location, debris, remains",entity
eyes,"eyes, organs, vision",entity
dynamics,"physics, force, movement, energy, science",entity
the thick metal door,"door, barrier, threshold, entrance, metal, object",entity
comm signals,"signals, communication, data",entity
shoulders,"pressure, weight, burden",entity
below,"data, storage, location",entity
supportive nod,"greeting, gesture, sign, signal",entity
words,"language, text, words, speech, vocabulary",entity
features,"features, traits, characteristics, attributes",entity
exchange,"exchange, market, trade",entity
brow,"brow, face, feature, area",entity
as a result,"consequence, outcome, result, effect, aftermath",relation
laughed,"smile, guffaw, chuckle, snicker, burst out laughing",relation
challenged,"opposed, confronted, disputed, resisted",relation
proceeded,"followed, occurred, ensued, happened, led to",relation
coalescing,"merge, unite, combine, fuse, integrate",relation
admitted,"admitted, let in, grant access, allow in",relation
reprimanded,"scolded, criticized, punished, rebuked",relation
advanced,"progressed, improved, developed, enhanced",relation
pierced,"poked, stuck, breached, penetrated, broken through",relation
nodded,"agreed, signaled, acknowledged, consented, confirmed",relation
hungered,"craved, yearned, desired, longed, pined",relation
craned,"lift, hoist, pull up",relation
drifted,"wandered, floated, drifted away, moved, changed direction, shifted, separated, lost course",relation
stepping,"move, shift, progress, advance, proceed",relation
barked,"make noise, sound off, vocalize, give warning",relation
because,"as a result of, due to, owing to, thanks to, on account of",relation
added,"added, append, attached, incorporate, supplement",relation
appeared,"showed up, popped up, emerged, appeared, came into view",relation
regarded,"viewed as, considered to be, perceived as, seen as, taken to be",relation
glanced,"caught a glimpse of, saw briefly, looked at, peeked at",relation
formed,"created, developed, established, brought into existence",relation
and,"connect, combine, link",relation
observed,"seen, noticed, witnessed, perceived, observed",relation
pulsed,"vibrated, oscillated, fluctuated, beat, pulsated",relation
noted,"marked, recorded, noticed, highlighted, remembered",relation
after,"follow, succeed, come next, ensue, follow up",relation
directed,"led, guided, pointed, steered, commanded",relation
spoke,"communicate, utter, express, talk, say",relation
paused,"stopped, halted, suspended, interrupted, ceased",relation
brightened,"lit up, shine, made brighter, increased brightness",relation
is participated by,"involves, is included in, acted by, is part of, is represented by",relation
brimming,"overflowing, full, packed, teeming, overflowing",relation
responded,"react, answer, reply, respond, react to, reply to",relation
fortified,"strengthened, made stronger, reinforced, hardened",relation
lingered,"remained, stayed, persisted, lasted, endured",relation
intercepted,"interrupt, cut off, block, seize, stop",relation
mused,"pontified, ruminated, reflected",relation
moved,"changed location, relocated, shifted, moved to, changed place",relation
hesitated,"wavered, vacillated, hesitated, dithered, faltered",relation
stirred,"agitated, excited, disturbed, shaken",relation
knew,"recognized, familiar with, acquainted with, knew about, had knowledge of",relation
demanded,"demanded, required, necessitated, requested, commanded",relation
pressing,"forceful, intense, urgent",relation
felt,"experienced, sensed, perceived, felt, understood",relation
sat,"occupied, filled, settled, rested",relation
understood,"grasp, comprehend, realize, know, perceive",relation
probed,"examined, investigated, inquired, looked into, delved into",relation
stepped,"walked, moved, proceeded, advanced, stepped",relation
pulled,"tugged, drawn, pulled, yanked, hauled",relation
said,"uttered, spoke, mentioned, expressed, stated",relation
ran,"run, sprint, dash, speed, accelerate",relation
realigned,"realign, adjust, reset, revise, correct",relation
crackled,"made a sound, emitted a noise, produced a crackle",relation
arrived,"reached, got to, show up, come in, land",relation
locked eyes,"gazed, met, stared, locked, looked",relation
cut,"separate, divide, split, fragment, disjoint",relation
poised,"ready, balanced, steady, calm, composed",relation
saw,"observed, noticed, perceived, witnessed",relation
checked,"verified, inspected, examined, tested, reviewed",relation
at the same time,"concurrently, simultaneously, together, in tandem, at once",relation
gripped,"held, seized, clutched, grasped",relation
locked,"secured, fastened, closed, sealed, locked",relation
closed,"sealed, shut, locked, finished, ended",relation
acknowledged,"recognized, accepted, admitted, confessed, acknowledged",relation
waited,"delay, pause, hold back, tarry, linger",relation
converged,"merge, unite, come together",relation
was,"existed, happened, occurred",relation
before,"precede, lead, come first, precede, antecedent, prior to",relation
bridged,"connected, linked, spanned",relation
turned,"changed, transformed, converted, altered, changed",relation
interrupted,"broken, cut off, halted, stopped, paused",relation
remarked,"commented, noted, observed, mentioned",relation
scanned,"examined, inspected, looked at, viewed, observed",relation
approached,"neared, drew near, came close, got close to, reached out to",relation
became,"became, turned into, evolved into, changed into, transformed into",relation
met,"encountered, bumped into, collided with, ran into, crossed paths with",relation
reacted,"responded, acted, reacted to, reply, answer back, counteract, retaliate, respond to",relation
were,"existed, happened, occurred, took place, was the case",relation
offered,"provided, given, presented, supplied, donated",relation
laid,"placed, put, set, deposited, laid down",relation
watched,"observed, viewed, gazed, stared, saw",relation
guiding,"lead, direct, steer, navigate, counsel",relation
weighed,"weighed, measured, evaluated, considered, assessed",relation
placed,"located, situated, positioned, put, placed, set",relation
set,"define, establish, create, form, constitute",relation
synchronized,"coordinated, timed, harmonized, aligned, matched",relation
afforded,"provided, offered, granted, given",relation
seemed,"appeared, looked, seemed, gave impression, presented itself, showed itself",relation
structured,"organized, arranged, ordered, formatted, categorized",relation
worked,"collaborate, cooperate, labor",relation
towards,"in, direction, approach, orientation, alignment",relation
covering,"encompass, enclose, surround, cover, shield",relation
had,"possessed, owned, held, contained, had
experienced, undergone, suffered, endured, tolerated
possessed in the past, held in the past, had in the past",relation
mirrored,"reflect, duplicate, replicate, copy, echo",relation
explained,"clarified, described, made clear, elaborated, illuminated",relation
whispered,"whisper, speak softly, murmur, mumble, speak quietly",relation
asked,"queried, inquired, questioned, sought, requested",relation
brought,"brought, carried, introduced, presented, delivered",relation
muttered,"whisper, speak, say, utter, voice",relation
loomed,"cast a shadow, darken, overshadow, loom large",relation
sharpened,"improved, enhanced, refined, honed, polished",relation
hovered,"loiter, linger, hang around, drift, hover",relation
aligned,"sync, match, adjust, harmonize, synchronize",relation
collided,"crash, bump, impact, collide, smash",relation
interfered,"interrupt, intervene, meddle, obstruct, disturb",relation
stood,"stood, remained, endured, persisted, continued",relation
